genuine_fan_allocation_rate,scalper_allocation_rate,social_welfare,scalper_profit,mechanism,ai,simulation
0.73,0.27,12223.504940104323,1755,FCFS,No AI,0
0.6,0.4,11139.065055856034,3120,FCFS,AI,0
0.81,0.19,13618.258728556291,1235,Randomized Queue,No AI,0
0.81,0.19,15738.304646275974,1482,Randomized Queue,AI,0
0.74,0.26,13498.101222226564,1690,FCFS,No AI,1
0.64,0.36,12194.36753869557,2808,FCFS,AI,1
0.8,0.2,13963.35858213653,1300,Randomized Queue,No AI,1
0.8,0.2,14831.691888590722,1560,Randomized Queue,AI,1
0.75,0.25,13667.750967957541,1625,FCFS,No AI,2
0.59,0.41,10817.560460826739,3198,FCFS,AI,2
0.79,0.21,14363.618043612574,1365,Randomized Queue,No AI,2
0.83,0.17,15272.951967808109,1326,Randomized Queue,AI,2
0.79,0.21,14433.970748037555,1365,FCFS,No AI,3
0.59,0.41,10962.171115812373,3198,FCFS,AI,3
0.85,0.15,14641.529602675982,975,Randomized Queue,No AI,3
0.82,0.18,15429.473786445262,1404,Randomized Queue,AI,3
0.73,0.27,12572.510593445646,1755,FCFS,No AI,4
0.64,0.36,12020.88769711086,2808,FCFS,AI,4
0.78,0.22,13778.791230311914,1430,Randomized Queue,No AI,4
0.8,0.2,14663.174961699597,1560,Randomized Queue,AI,4
0.81,0.19,14204.454921090957,1235,FCFS,No AI,5
0.65,0.35,12464.456564901706,2730,FCFS,AI,5
0.77,0.23,12977.066049634246,1495,Randomized Queue,No AI,5
0.8,0.2,14755.605709093943,1560,Randomized Queue,AI,5
0.73,0.27,12201.84175722418,1755,FCFS,No AI,6
0.62,0.38,11162.65347670897,2964,FCFS,AI,6
0.76,0.24,13263.106889027393,1560,Randomized Queue,No AI,6
0.79,0.21,15573.624302705597,1638,Randomized Queue,AI,6
0.8,0.2,13362.100808348976,1300,FCFS,No AI,7
0.65,0.35,12082.74344806667,2730,FCFS,AI,7
0.78,0.22,13915.21689307886,1430,Randomized Queue,No AI,7
0.74,0.26,14213.48453310755,2028,Randomized Queue,AI,7
0.8,0.2,13651.716495071862,1300,FCFS,No AI,8
0.63,0.37,11233.10342988244,2886,FCFS,AI,8
0.8,0.2,13945.76797765938,1300,Randomized Queue,No AI,8
0.86,0.14,15859.71227286061,1092,Randomized Queue,AI,8
0.74,0.26,13069.183200415891,1690,FCFS,No AI,9
0.62,0.38,12174.170997127369,2964,FCFS,AI,9
0.78,0.22,13825.871952871885,1430,Randomized Queue,No AI,9
0.73,0.27,14027.165822445333,2106,Randomized Queue,AI,9
0.8,0.2,14129.386220668865,1300,FCFS,No AI,10
0.63,0.37,11736.833213203687,2886,FCFS,AI,10
0.79,0.21,13450.476722982621,1365,Randomized Queue,No AI,10
0.78,0.22,14471.564442490311,1716,Randomized Queue,AI,10
0.76,0.24,13379.995314611127,1560,FCFS,No AI,11
0.67,0.33,12533.687525748723,2574,FCFS,AI,11
0.79,0.21,13010.91579781288,1365,Randomized Queue,No AI,11
0.81,0.19,14876.293903667312,1482,Randomized Queue,AI,11
0.74,0.26,13162.821340109158,1690,FCFS,No AI,12
0.68,0.32,12420.193734961165,2496,FCFS,AI,12
0.86,0.14,15536.77213360549,910,Randomized Queue,No AI,12
0.75,0.25,13843.147027266497,1950,Randomized Queue,AI,12
0.78,0.22,14025.369069498049,1430,FCFS,No AI,13
0.66,0.34,12616.866260369592,2652,FCFS,AI,13
0.83,0.17,14784.988017233918,1105,Randomized Queue,No AI,13
0.82,0.18,15277.708827303308,1404,Randomized Queue,AI,13
0.76,0.24,13008.94429189725,1560,FCFS,No AI,14
0.62,0.38,10965.526434651818,2964,FCFS,AI,14
0.82,0.18,13931.417874136638,1170,Randomized Queue,No AI,14
0.81,0.19,14999.316445253473,1482,Randomized Queue,AI,14
0.75,0.25,13732.232456721998,1625,FCFS,No AI,15
0.62,0.38,11783.961460968701,2964,FCFS,AI,15
0.76,0.24,14028.723550469947,1560,Randomized Queue,No AI,15
0.77,0.23,14133.679624829625,1794,Randomized Queue,AI,15
0.81,0.19,14055.005361681882,1235,FCFS,No AI,16
0.65,0.35,11905.552417828098,2730,FCFS,AI,16
0.78,0.22,13303.546749331837,1430,Randomized Queue,No AI,16
0.77,0.23,13878.080099613904,1794,Randomized Queue,AI,16
0.76,0.24,13372.463103679383,1560,FCFS,No AI,17
0.6,0.4,11151.871188837194,3120,FCFS,AI,17
0.79,0.21,14291.861540485077,1365,Randomized Queue,No AI,17
0.75,0.25,12731.985003502838,1950,Randomized Queue,AI,17
0.78,0.22,14139.981937376746,1430,FCFS,No AI,18
0.61,0.39,11400.464170287896,3042,FCFS,AI,18
0.85,0.15,15106.146128763865,975,Randomized Queue,No AI,18
0.81,0.19,15224.575670295255,1482,Randomized Queue,AI,18
0.76,0.24,13125.186708128314,1560,FCFS,No AI,19
0.64,0.36,11680.582941493918,2808,FCFS,AI,19
0.75,0.25,12905.53026230484,1625,Randomized Queue,No AI,19
0.77,0.23,14412.494719117434,1794,Randomized Queue,AI,19
0.77,0.23,13256.532296120178,1495,FCFS,No AI,20
0.67,0.33,12689.412545638106,2574,FCFS,AI,20
0.82,0.18,14844.32266018056,1170,Randomized Queue,No AI,20
0.75,0.25,13693.60980578529,1950,Randomized Queue,AI,20
0.76,0.24,12972.104110832204,1560,FCFS,No AI,21
0.67,0.33,12917.105325622633,2574,FCFS,AI,21
0.77,0.23,13497.148458194459,1495,Randomized Queue,No AI,21
0.8,0.2,15283.63094579439,1560,Randomized Queue,AI,21
0.8,0.2,13464.880181820594,1300,FCFS,No AI,22
0.66,0.34,11882.771037962153,2652,FCFS,AI,22
0.85,0.15,14306.516050286336,975,Randomized Queue,No AI,22
0.78,0.22,15374.75532736278,1716,Randomized Queue,AI,22
0.73,0.27,12990.157981129409,1755,FCFS,No AI,23
0.67,0.33,12891.980315115245,2574,FCFS,AI,23
0.79,0.21,13511.668133972613,1365,Randomized Queue,No AI,23
0.76,0.24,14208.267178927987,1872,Randomized Queue,AI,23
0.77,0.23,13695.37701045444,1495,FCFS,No AI,24
0.59,0.41,10604.797470649786,3198,FCFS,AI,24
0.82,0.18,14123.55652658744,1170,Randomized Queue,No AI,24
0.78,0.22,14428.57577631318,1716,Randomized Queue,AI,24
0.73,0.27,12350.564611119165,1755,FCFS,No AI,25
0.67,0.33,12257.356424847274,2574,FCFS,AI,25
0.84,0.16,14979.713794958556,1040,Randomized Queue,No AI,25
0.86,0.14,16300.005594525293,1092,Randomized Queue,AI,25
0.8,0.2,14038.591045196867,1300,FCFS,No AI,26
0.68,0.32,12681.641900857143,2496,FCFS,AI,26
0.8,0.2,13984.611419766159,1300,Randomized Queue,No AI,26
0.81,0.19,15229.069049208918,1482,Randomized Queue,AI,26
0.77,0.23,13336.210343709217,1495,FCFS,No AI,27
0.59,0.41,11043.847794015457,3198,FCFS,AI,27
0.79,0.21,14037.88506964945,1365,Randomized Queue,No AI,27
0.73,0.27,14067.431794114265,2106,Randomized Queue,AI,27
0.72,0.28,12137.740051364975,1820,FCFS,No AI,28
0.64,0.36,11813.124360317244,2808,FCFS,AI,28
0.81,0.19,14332.812224173698,1235,Randomized Queue,No AI,28
0.82,0.18,15558.846866062317,1404,Randomized Queue,AI,28
0.79,0.21,14169.297426612786,1365,FCFS,No AI,29
0.65,0.35,11993.729664646931,2730,FCFS,AI,29
0.79,0.21,13153.876943435547,1365,Randomized Queue,No AI,29
0.85,0.15,16123.01655599909,1170,Randomized Queue,AI,29
0.73,0.27,12701.862217643666,1755,FCFS,No AI,30
0.68,0.32,12234.029723405707,2496,FCFS,AI,30
0.79,0.21,13574.308651372947,1365,Randomized Queue,No AI,30
0.81,0.19,14741.789224732307,1482,Randomized Queue,AI,30
0.75,0.25,12501.61426052828,1625,FCFS,No AI,31
0.63,0.37,12435.460538966181,2886,FCFS,AI,31
0.76,0.24,13503.312240978088,1560,Randomized Queue,No AI,31
0.88,0.12,16110.882593956256,936,Randomized Queue,AI,31
0.79,0.21,14262.241208865114,1365,FCFS,No AI,32
0.63,0.37,11158.6489107605,2886,FCFS,AI,32
0.83,0.17,14273.308593107258,1105,Randomized Queue,No AI,32
0.83,0.17,15844.69569396805,1326,Randomized Queue,AI,32
0.77,0.23,13644.14442522451,1495,FCFS,No AI,33
0.66,0.34,12503.6803956392,2652,FCFS,AI,33
0.81,0.19,13674.467160186941,1235,Randomized Queue,No AI,33
0.83,0.17,15865.586035381535,1326,Randomized Queue,AI,33
0.76,0.24,13362.411106870999,1560,FCFS,No AI,34
0.66,0.34,12201.881208852674,2652,FCFS,AI,34
0.8,0.2,13659.122725432244,1300,Randomized Queue,No AI,34
0.77,0.23,13692.837043405034,1794,Randomized Queue,AI,34
0.67,0.33,11882.358502782428,2145,FCFS,No AI,35
0.61,0.39,11609.27484683937,3042,FCFS,AI,35
0.81,0.19,14178.352815978347,1235,Randomized Queue,No AI,35
0.77,0.23,14333.473713718346,1794,Randomized Queue,AI,35
0.76,0.24,13807.517112040974,1560,FCFS,No AI,36
0.68,0.32,12644.405639465384,2496,FCFS,AI,36
0.84,0.16,14041.339484188125,1040,Randomized Queue,No AI,36
0.81,0.19,15384.7871434009,1482,Randomized Queue,AI,36
0.76,0.24,13010.531816601031,1560,FCFS,No AI,37
0.62,0.38,11408.8836088025,2964,FCFS,AI,37
0.75,0.25,13556.254792773294,1625,Randomized Queue,No AI,37
0.82,0.18,14942.910782804209,1404,Randomized Queue,AI,37
0.81,0.19,14584.471874712297,1235,FCFS,No AI,38
0.72,0.28,13037.526822713051,2184,FCFS,AI,38
0.79,0.21,13738.117527153807,1365,Randomized Queue,No AI,38
0.79,0.21,15271.149590563788,1638,Randomized Queue,AI,38
0.73,0.27,12793.445241927877,1755,FCFS,No AI,39
0.61,0.39,11775.340643367701,3042,FCFS,AI,39
0.88,0.12,15332.466827742941,780,Randomized Queue,No AI,39
0.86,0.14,16191.846090084717,1092,Randomized Queue,AI,39
0.78,0.22,13877.81149585238,1430,FCFS,No AI,40
0.7,0.3,12628.428689752976,2340,FCFS,AI,40
0.8,0.2,14011.279006689336,1300,Randomized Queue,No AI,40
0.76,0.24,13651.303226087863,1872,Randomized Queue,AI,40
0.75,0.25,12529.860567377735,1625,FCFS,No AI,41
0.65,0.35,11270.780824848944,2730,FCFS,AI,41
0.78,0.22,13737.116775853625,1430,Randomized Queue,No AI,41
0.8,0.2,14569.315280821602,1560,Randomized Queue,AI,41
0.71,0.29,12565.627671754924,1885,FCFS,No AI,42
0.62,0.38,11631.746037628875,2964,FCFS,AI,42
0.8,0.2,14417.171432369847,1300,Randomized Queue,No AI,42
0.77,0.23,14308.570947199834,1794,Randomized Queue,AI,42
0.75,0.25,13010.453184685932,1625,FCFS,No AI,43
0.59,0.41,10706.872125969656,3198,FCFS,AI,43
0.77,0.23,13211.405017885534,1495,Randomized Queue,No AI,43
0.78,0.22,14493.932548026287,1716,Randomized Queue,AI,43
0.72,0.28,12492.34749085512,1820,FCFS,No AI,44
0.66,0.34,11691.461652126254,2652,FCFS,AI,44
0.85,0.15,14901.911118709915,975,Randomized Queue,No AI,44
0.81,0.19,15393.277324038554,1482,Randomized Queue,AI,44
0.67,0.33,11813.645916017958,2145,FCFS,No AI,45
0.64,0.36,12987.431961130726,2808,FCFS,AI,45
0.77,0.23,13857.610897924147,1495,Randomized Queue,No AI,45
0.8,0.2,14463.858173085262,1560,Randomized Queue,AI,45
0.79,0.21,13318.392313116598,1365,FCFS,No AI,46
0.63,0.37,11298.903862470695,2886,FCFS,AI,46
0.77,0.23,13538.865023448887,1495,Randomized Queue,No AI,46
0.81,0.19,14962.358031786334,1482,Randomized Queue,AI,46
0.76,0.24,13497.356731523108,1560,FCFS,No AI,47
0.65,0.35,12243.679585079819,2730,FCFS,AI,47
0.83,0.17,14568.841655865941,1105,Randomized Queue,No AI,47
0.78,0.22,14708.085988462928,1716,Randomized Queue,AI,47
0.75,0.25,12845.797403995213,1625,FCFS,No AI,48
0.63,0.37,11694.708879629374,2886,FCFS,AI,48
0.87,0.13,15062.61821101539,845,Randomized Queue,No AI,48
0.8,0.2,14864.557777232218,1560,Randomized Queue,AI,48
0.77,0.23,13388.12233805806,1495,FCFS,No AI,49
0.62,0.38,11548.194162824824,2964,FCFS,AI,49
0.77,0.23,13493.785143147472,1495,Randomized Queue,No AI,49
0.86,0.14,16450.14401382476,1092,Randomized Queue,AI,49
0.79,0.21,13507.45755466896,1365,FCFS,No AI,50
0.62,0.38,11742.378177707524,2964,FCFS,AI,50
0.85,0.15,15173.779502249461,975,Randomized Queue,No AI,50
0.76,0.24,14928.020207027579,1872,Randomized Queue,AI,50
0.74,0.26,12444.34011890015,1690,FCFS,No AI,51
0.67,0.33,12318.241618941962,2574,FCFS,AI,51
0.81,0.19,13352.124883837598,1235,Randomized Queue,No AI,51
0.75,0.25,13247.14119670665,1950,Randomized Queue,AI,51
0.75,0.25,13132.496724905403,1625,FCFS,No AI,52
0.64,0.36,11616.248121768827,2808,FCFS,AI,52
0.75,0.25,13144.140391579991,1625,Randomized Queue,No AI,52
0.84,0.16,16116.927035075969,1248,Randomized Queue,AI,52
0.79,0.21,13002.399901191382,1365,FCFS,No AI,53
0.65,0.35,11799.362131721782,2730,FCFS,AI,53
0.78,0.22,13575.153940292166,1430,Randomized Queue,No AI,53
0.79,0.21,14008.635542885553,1638,Randomized Queue,AI,53
0.79,0.21,14080.585278352248,1365,FCFS,No AI,54
0.64,0.36,11403.121366550055,2808,FCFS,AI,54
0.86,0.14,15313.686130133516,910,Randomized Queue,No AI,54
0.8,0.2,14676.37785522551,1560,Randomized Queue,AI,54
0.75,0.25,13323.014536520093,1625,FCFS,No AI,55
0.63,0.37,11764.795356916178,2886,FCFS,AI,55
0.84,0.16,13951.314990347273,1040,Randomized Queue,No AI,55
0.81,0.19,15777.702280632666,1482,Randomized Queue,AI,55
0.73,0.27,12775.9146810077,1755,FCFS,No AI,56
0.63,0.37,12115.852074946817,2886,FCFS,AI,56
0.79,0.21,13488.362098783335,1365,Randomized Queue,No AI,56
0.83,0.17,15610.220648375858,1326,Randomized Queue,AI,56
0.8,0.2,14202.535740024821,1300,FCFS,No AI,57
0.6,0.4,11268.377944126707,3120,FCFS,AI,57
0.78,0.22,13552.940141003683,1430,Randomized Queue,No AI,57
0.74,0.26,12942.302415132048,2028,Randomized Queue,AI,57
0.69,0.31,11760.037135087818,2015,FCFS,No AI,58
0.64,0.36,11870.463904632028,2808,FCFS,AI,58
0.81,0.19,14712.383652340219,1235,Randomized Queue,No AI,58
0.81,0.19,15269.969060339128,1482,Randomized Queue,AI,58
0.76,0.24,13084.993917350903,1560,FCFS,No AI,59
0.61,0.39,11240.392858174182,3042,FCFS,AI,59
0.84,0.16,14515.184223875582,1040,Randomized Queue,No AI,59
0.75,0.25,14006.587672298268,1950,Randomized Queue,AI,59
0.72,0.28,12387.845292648899,1820,FCFS,No AI,60
0.64,0.36,12046.407648075447,2808,FCFS,AI,60
0.75,0.25,12484.218135896166,1625,Randomized Queue,No AI,60
0.8,0.2,14993.250347507299,1560,Randomized Queue,AI,60
0.73,0.27,12072.583228210835,1755,FCFS,No AI,61
0.58,0.42,10543.688142176774,3276,FCFS,AI,61
0.83,0.17,14356.943634204925,1105,Randomized Queue,No AI,61
0.82,0.18,15008.424463739704,1404,Randomized Queue,AI,61
0.78,0.22,13031.488545679276,1430,FCFS,No AI,62
0.65,0.35,12546.77233582552,2730,FCFS,AI,62
0.81,0.19,13728.966598861687,1235,Randomized Queue,No AI,62
0.82,0.18,15203.82450577482,1404,Randomized Queue,AI,62
0.71,0.29,12460.130843750727,1885,FCFS,No AI,63
0.65,0.35,12144.043599597355,2730,FCFS,AI,63
0.86,0.14,14731.331108418834,910,Randomized Queue,No AI,63
0.79,0.21,15247.360654640695,1638,Randomized Queue,AI,63
0.75,0.25,12665.47167795311,1625,FCFS,No AI,64
0.62,0.38,11422.557799746257,2964,FCFS,AI,64
0.82,0.18,14561.688124164088,1170,Randomized Queue,No AI,64
0.85,0.15,15753.725909263876,1170,Randomized Queue,AI,64
0.77,0.23,13252.319902576482,1495,FCFS,No AI,65
0.59,0.41,10441.864078004211,3198,FCFS,AI,65
0.8,0.2,13970.247576606045,1300,Randomized Queue,No AI,65
0.81,0.19,15295.885759164885,1482,Randomized Queue,AI,65
0.79,0.21,14611.265421348386,1365,FCFS,No AI,66
0.65,0.35,12014.030757946206,2730,FCFS,AI,66
0.82,0.18,15154.850028548397,1170,Randomized Queue,No AI,66
0.81,0.19,15228.990424724549,1482,Randomized Queue,AI,66
0.77,0.23,13589.305089705816,1495,FCFS,No AI,67
0.65,0.35,11634.269027649816,2730,FCFS,AI,67
0.82,0.18,13820.180112987251,1170,Randomized Queue,No AI,67
0.85,0.15,15166.231281896504,1170,Randomized Queue,AI,67
0.74,0.26,12873.402946761269,1690,FCFS,No AI,68
0.65,0.35,12400.791615529606,2730,FCFS,AI,68
0.81,0.19,14229.376742630726,1235,Randomized Queue,No AI,68
0.76,0.24,14132.71372200967,1872,Randomized Queue,AI,68
0.76,0.24,13274.313147018931,1560,FCFS,No AI,69
0.62,0.38,11638.92065956203,2964,FCFS,AI,69
0.79,0.21,13230.152065880706,1365,Randomized Queue,No AI,69
0.8,0.2,15270.246372151807,1560,Randomized Queue,AI,69
0.72,0.28,12493.012212016885,1820,FCFS,No AI,70
0.63,0.37,11605.525845483244,2886,FCFS,AI,70
0.82,0.18,14445.691812628927,1170,Randomized Queue,No AI,70
0.82,0.18,14895.20690390693,1404,Randomized Queue,AI,70
0.77,0.23,12883.277270172832,1495,FCFS,No AI,71
0.65,0.35,11789.900967232159,2730,FCFS,AI,71
0.82,0.18,14308.603976584254,1170,Randomized Queue,No AI,71
0.8,0.2,14471.041370821156,1560,Randomized Queue,AI,71
0.79,0.21,13305.735003872898,1365,FCFS,No AI,72
0.63,0.37,11868.263483054481,2886,FCFS,AI,72
0.85,0.15,14856.231915556034,975,Randomized Queue,No AI,72
0.81,0.19,15021.969640530917,1482,Randomized Queue,AI,72
0.72,0.28,12518.493525855833,1820,FCFS,No AI,73
0.65,0.35,12031.598447990891,2730,FCFS,AI,73
0.7,0.3,12266.671196424113,1950,Randomized Queue,No AI,73
0.8,0.2,14883.77779085312,1560,Randomized Queue,AI,73
0.75,0.25,12966.191309112746,1625,FCFS,No AI,74
0.65,0.35,12518.992188584514,2730,FCFS,AI,74
0.76,0.24,13451.30296168244,1560,Randomized Queue,No AI,74
0.77,0.23,14369.208295527871,1794,Randomized Queue,AI,74
0.76,0.24,13409.911909028247,1560,FCFS,No AI,75
0.59,0.41,10716.280887727526,3198,FCFS,AI,75
0.81,0.19,14161.700118593635,1235,Randomized Queue,No AI,75
0.8,0.2,14585.090938141806,1560,Randomized Queue,AI,75
0.75,0.25,13180.754226155848,1625,FCFS,No AI,76
0.64,0.36,11615.67132082671,2808,FCFS,AI,76
0.8,0.2,13984.305817563332,1300,Randomized Queue,No AI,76
0.79,0.21,14505.263106752154,1638,Randomized Queue,AI,76
0.75,0.25,13018.526139394633,1625,FCFS,No AI,77
0.64,0.36,11748.704957783715,2808,FCFS,AI,77
0.84,0.16,14839.314430442982,1040,Randomized Queue,No AI,77
0.8,0.2,14776.915884563943,1560,Randomized Queue,AI,77
0.79,0.21,13948.47428583469,1365,FCFS,No AI,78
0.65,0.35,12395.76887507684,2730,FCFS,AI,78
0.78,0.22,13541.940906782567,1430,Randomized Queue,No AI,78
0.82,0.18,15263.49350343847,1404,Randomized Queue,AI,78
0.71,0.29,12305.018443669649,1885,FCFS,No AI,79
0.63,0.37,11438.892357277067,2886,FCFS,AI,79
0.79,0.21,14125.27947310741,1365,Randomized Queue,No AI,79
0.78,0.22,14869.55738279547,1716,Randomized Queue,AI,79
0.72,0.28,11821.1168805842,1820,FCFS,No AI,80
0.69,0.31,13268.66553755313,2418,FCFS,AI,80
0.8,0.2,13958.229619190575,1300,Randomized Queue,No AI,80
0.81,0.19,15370.880941745792,1482,Randomized Queue,AI,80
0.73,0.27,12536.157057663355,1755,FCFS,No AI,81
0.65,0.35,12345.599270944962,2730,FCFS,AI,81
0.83,0.17,14171.478950109677,1105,Randomized Queue,No AI,81
0.74,0.26,13585.647440829598,2028,Randomized Queue,AI,81
0.75,0.25,13013.679534251758,1625,FCFS,No AI,82
0.64,0.36,11755.616713034215,2808,FCFS,AI,82
0.83,0.17,14571.563826734662,1105,Randomized Queue,No AI,82
0.77,0.23,14140.32232558084,1794,Randomized Queue,AI,82
0.79,0.21,14009.883039429798,1365,FCFS,No AI,83
0.67,0.33,12848.456605654479,2574,FCFS,AI,83
0.84,0.16,14128.02883516248,1040,Randomized Queue,No AI,83
0.79,0.21,14698.601977266577,1638,Randomized Queue,AI,83
0.73,0.27,12579.168019733497,1755,FCFS,No AI,84
0.62,0.38,10990.456152000444,2964,FCFS,AI,84
0.8,0.2,13093.451018864442,1300,Randomized Queue,No AI,84
0.85,0.15,17200.61994129035,1170,Randomized Queue,AI,84
0.75,0.25,13192.231038081673,1625,FCFS,No AI,85
0.66,0.34,12497.611334309631,2652,FCFS,AI,85
0.82,0.18,14291.288827785247,1170,Randomized Queue,No AI,85
0.79,0.21,14407.671189769204,1638,Randomized Queue,AI,85
0.74,0.26,12816.24860402227,1690,FCFS,No AI,86
0.66,0.34,12299.66782105725,2652,FCFS,AI,86
0.76,0.24,12757.04395387152,1560,Randomized Queue,No AI,86
0.79,0.21,15236.775055565917,1638,Randomized Queue,AI,86
0.74,0.26,12954.295827080176,1690,FCFS,No AI,87
0.65,0.35,11111.701890264942,2730,FCFS,AI,87
0.8,0.2,13621.80190079322,1300,Randomized Queue,No AI,87
0.81,0.19,14362.0043303859,1482,Randomized Queue,AI,87
0.73,0.27,12487.316314873062,1755,FCFS,No AI,88
0.64,0.36,11675.2636425651,2808,FCFS,AI,88
0.76,0.24,12969.582208465787,1560,Randomized Queue,No AI,88
0.8,0.2,15559.317035873763,1560,Randomized Queue,AI,88
0.72,0.28,12373.358693901588,1820,FCFS,No AI,89
0.63,0.37,11459.802977364629,2886,FCFS,AI,89
0.83,0.17,14341.787997263315,1105,Randomized Queue,No AI,89
0.79,0.21,14392.034339192962,1638,Randomized Queue,AI,89
0.77,0.23,13797.15676548927,1495,FCFS,No AI,90
0.64,0.36,11508.258663143482,2808,FCFS,AI,90
0.78,0.22,13323.296220108714,1430,Randomized Queue,No AI,90
0.8,0.2,14912.874470578201,1560,Randomized Queue,AI,90
0.77,0.23,13344.045117041753,1495,FCFS,No AI,91
0.61,0.39,11748.262635477378,3042,FCFS,AI,91
0.8,0.2,13898.022750211072,1300,Randomized Queue,No AI,91
0.77,0.23,13982.866548259242,1794,Randomized Queue,AI,91
0.7,0.3,12003.871742594942,1950,FCFS,No AI,92
0.66,0.34,12558.30065713529,2652,FCFS,AI,92
0.75,0.25,12953.35039347654,1625,Randomized Queue,No AI,92
0.83,0.17,15327.76039933538,1326,Randomized Queue,AI,92
0.76,0.24,12982.265943626013,1560,FCFS,No AI,93
0.64,0.36,11596.395102897703,2808,FCFS,AI,93
0.86,0.14,15401.495291078467,910,Randomized Queue,No AI,93
0.77,0.23,14208.650201811197,1794,Randomized Queue,AI,93
0.78,0.22,13903.787994794495,1430,FCFS,No AI,94
0.66,0.34,13161.515590664345,2652,FCFS,AI,94
0.77,0.23,13753.707424340917,1495,Randomized Queue,No AI,94
0.8,0.2,15251.371903260511,1560,Randomized Queue,AI,94
0.73,0.27,12379.593559672192,1755,FCFS,No AI,95
0.7,0.3,13430.169839905551,2340,FCFS,AI,95
0.77,0.23,13091.325577053183,1495,Randomized Queue,No AI,95
0.79,0.21,14685.504024089794,1638,Randomized Queue,AI,95
0.79,0.21,14526.192948044854,1365,FCFS,No AI,96
0.63,0.37,11433.899933455632,2886,FCFS,AI,96
0.77,0.23,13350.902498084328,1495,Randomized Queue,No AI,96
0.78,0.22,14866.930939205846,1716,Randomized Queue,AI,96
0.67,0.33,11142.510371944012,2145,FCFS,No AI,97
0.69,0.31,12502.735721304762,2418,FCFS,AI,97
0.8,0.2,14385.96495778429,1300,Randomized Queue,No AI,97
0.77,0.23,14522.909761907093,1794,Randomized Queue,AI,97
0.75,0.25,13466.031772218681,1625,FCFS,No AI,98
0.63,0.37,11881.125648886606,2886,FCFS,AI,98
0.83,0.17,13966.707932549383,1105,Randomized Queue,No AI,98
0.78,0.22,14856.900018297654,1716,Randomized Queue,AI,98
0.73,0.27,12300.797460359525,1755,FCFS,No AI,99
0.67,0.33,12583.173395910308,2574,FCFS,AI,99
0.79,0.21,13869.899448788523,1365,Randomized Queue,No AI,99
0.8,0.2,14988.172487990818,1560,Randomized Queue,AI,99
0.75,0.25,12723.374465206025,1625,FCFS,No AI,100
0.63,0.37,11968.503826442067,2886,FCFS,AI,100
0.8,0.2,13447.785016454629,1300,Randomized Queue,No AI,100
0.8,0.2,14621.425415574126,1560,Randomized Queue,AI,100
0.69,0.31,11985.915787951673,2015,FCFS,No AI,101
0.63,0.37,11813.394643752777,2886,FCFS,AI,101
0.81,0.19,14600.449820905129,1235,Randomized Queue,No AI,101
0.79,0.21,14555.71080942216,1638,Randomized Queue,AI,101
0.74,0.26,12678.410387522772,1690,FCFS,No AI,102
0.64,0.36,12401.333060229046,2808,FCFS,AI,102
0.82,0.18,14130.64511680695,1170,Randomized Queue,No AI,102
0.76,0.24,14554.394240487834,1872,Randomized Queue,AI,102
0.73,0.27,12952.385073510544,1755,FCFS,No AI,103
0.64,0.36,11963.977677828356,2808,FCFS,AI,103
0.81,0.19,14641.022287302627,1235,Randomized Queue,No AI,103
0.79,0.21,14224.611156938177,1638,Randomized Queue,AI,103
0.82,0.18,14256.738934641586,1170,FCFS,No AI,104
0.69,0.31,12615.266714691019,2418,FCFS,AI,104
0.8,0.2,14326.542089036622,1300,Randomized Queue,No AI,104
0.78,0.22,14150.57026593464,1716,Randomized Queue,AI,104
0.78,0.22,13382.516703838997,1430,FCFS,No AI,105
0.67,0.33,11998.327536628125,2574,FCFS,AI,105
0.76,0.24,13558.46718594188,1560,Randomized Queue,No AI,105
0.78,0.22,15098.967259832869,1716,Randomized Queue,AI,105
0.83,0.17,14224.345461359397,1105,FCFS,No AI,106
0.63,0.37,11765.372212499418,2886,FCFS,AI,106
0.83,0.17,14399.0530914459,1105,Randomized Queue,No AI,106
0.8,0.2,14826.604791384989,1560,Randomized Queue,AI,106
0.77,0.23,13341.492848918275,1495,FCFS,No AI,107
0.65,0.35,11995.639784995257,2730,FCFS,AI,107
0.8,0.2,14260.158343803621,1300,Randomized Queue,No AI,107
0.83,0.17,15354.624203271016,1326,Randomized Queue,AI,107
0.7,0.3,12399.257229294644,1950,FCFS,No AI,108
0.64,0.36,12099.975426062705,2808,FCFS,AI,108
0.77,0.23,13207.124807293822,1495,Randomized Queue,No AI,108
0.8,0.2,14653.346899495577,1560,Randomized Queue,AI,108
0.76,0.24,13201.322318329047,1560,FCFS,No AI,109
0.58,0.42,10806.466892393955,3276,FCFS,AI,109
0.79,0.21,13519.482898428732,1365,Randomized Queue,No AI,109
0.82,0.18,15399.79500860398,1404,Randomized Queue,AI,109
0.76,0.24,12985.00077845812,1560,FCFS,No AI,110
0.64,0.36,11900.766715436024,2808,FCFS,AI,110
0.78,0.22,13351.14894098043,1430,Randomized Queue,No AI,110
0.73,0.27,13438.993886079377,2106,Randomized Queue,AI,110
0.77,0.23,13292.333875788303,1495,FCFS,No AI,111
0.65,0.35,12016.49781602,2730,FCFS,AI,111
0.76,0.24,13096.794674732846,1560,Randomized Queue,No AI,111
0.82,0.18,15556.178305188041,1404,Randomized Queue,AI,111
0.8,0.2,14372.014666535186,1300,FCFS,No AI,112
0.66,0.34,12580.081268821374,2652,FCFS,AI,112
0.79,0.21,14093.416032953119,1365,Randomized Queue,No AI,112
0.84,0.16,15812.398329973264,1248,Randomized Queue,AI,112
0.8,0.2,14622.91042498719,1300,FCFS,No AI,113
0.7,0.3,13014.096836088784,2340,FCFS,AI,113
0.78,0.22,13626.827134781306,1430,Randomized Queue,No AI,113
0.77,0.23,14318.570314736588,1794,Randomized Queue,AI,113
0.69,0.31,11850.491638994808,2015,FCFS,No AI,114
0.64,0.36,11804.213387840806,2808,FCFS,AI,114
0.83,0.17,14402.152365885951,1105,Randomized Queue,No AI,114
0.8,0.2,15447.031696724764,1560,Randomized Queue,AI,114
0.75,0.25,13029.284875374911,1625,FCFS,No AI,115
0.65,0.35,12439.584962057665,2730,FCFS,AI,115
0.73,0.27,13538.996634516872,1755,Randomized Queue,No AI,115
0.81,0.19,14688.819734669516,1482,Randomized Queue,AI,115
0.71,0.29,12379.81820824215,1885,FCFS,No AI,116
0.62,0.38,11057.336425696569,2964,FCFS,AI,116
0.79,0.21,14050.841859788738,1365,Randomized Queue,No AI,116
0.79,0.21,14376.256836451621,1638,Randomized Queue,AI,116
0.77,0.23,13230.278038196553,1495,FCFS,No AI,117
0.68,0.32,13051.4532578823,2496,FCFS,AI,117
0.81,0.19,14441.877135211187,1235,Randomized Queue,No AI,117
0.8,0.2,15026.932231800642,1560,Randomized Queue,AI,117
0.83,0.17,14581.48378533903,1105,FCFS,No AI,118
0.65,0.35,12191.112843585377,2730,FCFS,AI,118
0.83,0.17,14461.654921304536,1105,Randomized Queue,No AI,118
0.82,0.18,15142.520008950412,1404,Randomized Queue,AI,118
0.74,0.26,12362.018821108115,1690,FCFS,No AI,119
0.57,0.43,10240.987600326072,3354,FCFS,AI,119
0.75,0.25,13040.751191218276,1625,Randomized Queue,No AI,119
0.83,0.17,15821.264507394257,1326,Randomized Queue,AI,119
0.77,0.23,13211.013242152834,1495,FCFS,No AI,120
0.66,0.34,12313.41564904736,2652,FCFS,AI,120
0.82,0.18,14587.162164166306,1170,Randomized Queue,No AI,120
0.81,0.19,15221.217437921583,1482,Randomized Queue,AI,120
0.72,0.28,12485.7731241441,1820,FCFS,No AI,121
0.63,0.37,11240.901865982996,2886,FCFS,AI,121
0.79,0.21,12851.294507767645,1365,Randomized Queue,No AI,121
0.81,0.19,15503.202877652944,1482,Randomized Queue,AI,121
0.77,0.23,12815.127070117502,1495,FCFS,No AI,122
0.63,0.37,11899.582493202171,2886,FCFS,AI,122
0.78,0.22,13931.627667630117,1430,Randomized Queue,No AI,122
0.84,0.16,16223.056131290592,1248,Randomized Queue,AI,122
0.78,0.22,13270.16845117008,1430,FCFS,No AI,123
0.69,0.31,12216.293597584056,2418,FCFS,AI,123
0.85,0.15,15023.143047296446,975,Randomized Queue,No AI,123
0.82,0.18,15201.10006303269,1404,Randomized Queue,AI,123
0.78,0.22,12664.019269730039,1430,FCFS,No AI,124
0.67,0.33,12834.161148009794,2574,FCFS,AI,124
0.76,0.24,13134.084172639918,1560,Randomized Queue,No AI,124
0.75,0.25,14578.008123432468,1950,Randomized Queue,AI,124
0.77,0.23,13042.414483040631,1495,FCFS,No AI,125
0.61,0.39,11064.505054454738,3042,FCFS,AI,125
0.83,0.17,14875.680214364867,1105,Randomized Queue,No AI,125
0.83,0.17,15643.25248324934,1326,Randomized Queue,AI,125
0.76,0.24,13028.087049939882,1560,FCFS,No AI,126
0.6,0.4,11298.568265020642,3120,FCFS,AI,126
0.81,0.19,14538.546870695713,1235,Randomized Queue,No AI,126
0.85,0.15,16312.280058350538,1170,Randomized Queue,AI,126
0.74,0.26,12935.792138887547,1690,FCFS,No AI,127
0.61,0.39,11403.803212628032,3042,FCFS,AI,127
0.82,0.18,13973.679073084417,1170,Randomized Queue,No AI,127
0.82,0.18,14792.062140479515,1404,Randomized Queue,AI,127
0.76,0.24,13195.187165523896,1560,FCFS,No AI,128
0.65,0.35,11543.87826081201,2730,FCFS,AI,128
0.72,0.28,12562.141720949663,1820,Randomized Queue,No AI,128
0.83,0.17,16003.798946447396,1326,Randomized Queue,AI,128
0.8,0.2,13492.02383845926,1300,FCFS,No AI,129
0.64,0.36,11863.757762145338,2808,FCFS,AI,129
0.75,0.25,12685.032720699792,1625,Randomized Queue,No AI,129
0.75,0.25,13712.088530081379,1950,Randomized Queue,AI,129
0.74,0.26,12689.20405373579,1690,FCFS,No AI,130
0.64,0.36,12043.93466699844,2808,FCFS,AI,130
0.79,0.21,13314.808994018194,1365,Randomized Queue,No AI,130
0.79,0.21,14828.798014595248,1638,Randomized Queue,AI,130
0.77,0.23,13014.283823674908,1495,FCFS,No AI,131
0.62,0.38,11529.345621658278,2964,FCFS,AI,131
0.84,0.16,14443.740101062494,1040,Randomized Queue,No AI,131
0.82,0.18,15711.376733218236,1404,Randomized Queue,AI,131
0.74,0.26,12996.65572537605,1690,FCFS,No AI,132
0.67,0.33,12245.170616279085,2574,FCFS,AI,132
0.79,0.21,14162.928342426057,1365,Randomized Queue,No AI,132
0.77,0.23,14418.397698410681,1794,Randomized Queue,AI,132
0.75,0.25,12884.454712235993,1625,FCFS,No AI,133
0.63,0.37,11726.115505205647,2886,FCFS,AI,133
0.78,0.22,13365.243531872122,1430,Randomized Queue,No AI,133
0.82,0.18,15314.24160380226,1404,Randomized Queue,AI,133
0.76,0.24,12879.568170282142,1560,FCFS,No AI,134
0.63,0.37,11808.117044904717,2886,FCFS,AI,134
0.81,0.19,14770.552244734556,1235,Randomized Queue,No AI,134
0.81,0.19,15848.63334080405,1482,Randomized Queue,AI,134
0.75,0.25,13308.441574032657,1625,FCFS,No AI,135
0.64,0.36,11247.503113080664,2808,FCFS,AI,135
0.79,0.21,14359.049516128442,1365,Randomized Queue,No AI,135
0.83,0.17,15131.770643300702,1326,Randomized Queue,AI,135
0.76,0.24,12642.602993394128,1560,FCFS,No AI,136
0.59,0.41,10999.401531031293,3198,FCFS,AI,136
0.82,0.18,14692.978774663223,1170,Randomized Queue,No AI,136
0.78,0.22,14558.144152255121,1716,Randomized Queue,AI,136
0.72,0.28,12043.769014923557,1820,FCFS,No AI,137
0.61,0.39,11270.213818535187,3042,FCFS,AI,137
0.78,0.22,13992.818101505463,1430,Randomized Queue,No AI,137
0.81,0.19,14880.533676767416,1482,Randomized Queue,AI,137
0.71,0.29,12294.389976456097,1885,FCFS,No AI,138
0.68,0.32,12250.66540287922,2496,FCFS,AI,138
0.79,0.21,13614.330828912345,1365,Randomized Queue,No AI,138
0.8,0.2,14754.800744362787,1560,Randomized Queue,AI,138
0.8,0.2,13707.93306873201,1300,FCFS,No AI,139
0.62,0.38,11750.63915544003,2964,FCFS,AI,139
0.76,0.24,12688.861045450265,1560,Randomized Queue,No AI,139
0.84,0.16,15121.3268419721,1248,Randomized Queue,AI,139
0.74,0.26,12834.917618228934,1690,FCFS,No AI,140
0.55,0.45,10091.077445142588,3510,FCFS,AI,140
0.81,0.19,14060.76218434177,1235,Randomized Queue,No AI,140
0.82,0.18,15510.49370455787,1404,Randomized Queue,AI,140
0.84,0.16,14556.156686716391,1040,FCFS,No AI,141
0.66,0.34,12694.473521271824,2652,FCFS,AI,141
0.78,0.22,13665.97737795411,1430,Randomized Queue,No AI,141
0.82,0.18,14920.925947152526,1404,Randomized Queue,AI,141
0.78,0.22,13806.930376337072,1430,FCFS,No AI,142
0.65,0.35,12098.044997713127,2730,FCFS,AI,142
0.78,0.22,13346.249628365544,1430,Randomized Queue,No AI,142
0.82,0.18,15544.588717189688,1404,Randomized Queue,AI,142
0.76,0.24,12861.957440910597,1560,FCFS,No AI,143
0.63,0.37,11551.16099984274,2886,FCFS,AI,143
0.79,0.21,13628.600578368563,1365,Randomized Queue,No AI,143
0.79,0.21,14767.432878102163,1638,Randomized Queue,AI,143
0.72,0.28,12803.39450712498,1820,FCFS,No AI,144
0.65,0.35,12111.465983872493,2730,FCFS,AI,144
0.79,0.21,13877.735802582889,1365,Randomized Queue,No AI,144
0.83,0.17,15073.373895277336,1326,Randomized Queue,AI,144
0.8,0.2,13291.291825088436,1300,FCFS,No AI,145
0.63,0.37,11623.129844148218,2886,FCFS,AI,145
0.81,0.19,13867.706325102585,1235,Randomized Queue,No AI,145
0.8,0.2,14658.41415394875,1560,Randomized Queue,AI,145
0.72,0.28,11980.23095939323,1820,FCFS,No AI,146
0.6,0.4,11723.158869061886,3120,FCFS,AI,146
0.79,0.21,13367.19459741605,1365,Randomized Queue,No AI,146
0.78,0.22,14431.871614136002,1716,Randomized Queue,AI,146
0.74,0.26,12356.4030327614,1690,FCFS,No AI,147
0.6,0.4,11344.91721320616,3120,FCFS,AI,147
0.82,0.18,14255.547684342077,1170,Randomized Queue,No AI,147
0.84,0.16,15282.001569907037,1248,Randomized Queue,AI,147
0.77,0.23,13449.851474478457,1495,FCFS,No AI,148
0.64,0.36,11910.359775279569,2808,FCFS,AI,148
0.79,0.21,13290.857597612005,1365,Randomized Queue,No AI,148
0.75,0.25,13605.692974195097,1950,Randomized Queue,AI,148
0.82,0.18,14620.89861687376,1170,FCFS,No AI,149
0.61,0.39,11674.147193366858,3042,FCFS,AI,149
0.79,0.21,14260.154393108678,1365,Randomized Queue,No AI,149
0.78,0.22,14310.859275498837,1716,Randomized Queue,AI,149
0.76,0.24,13238.453574585948,1560,FCFS,No AI,150
0.68,0.32,13066.265965416427,2496,FCFS,AI,150
0.76,0.24,13331.482965773888,1560,Randomized Queue,No AI,150
0.83,0.17,15921.51112266866,1326,Randomized Queue,AI,150
0.74,0.26,12782.40625517148,1690,FCFS,No AI,151
0.66,0.34,12045.145762946468,2652,FCFS,AI,151
0.85,0.15,14731.888813608339,975,Randomized Queue,No AI,151
0.78,0.22,14458.264481442631,1716,Randomized Queue,AI,151
0.74,0.26,12832.54871510861,1690,FCFS,No AI,152
0.61,0.39,11880.749435745684,3042,FCFS,AI,152
0.82,0.18,14219.80344687341,1170,Randomized Queue,No AI,152
0.83,0.17,15715.443226923211,1326,Randomized Queue,AI,152
0.73,0.27,12476.60012947324,1755,FCFS,No AI,153
0.63,0.37,12377.099304988098,2886,FCFS,AI,153
0.84,0.16,14319.096893952508,1040,Randomized Queue,No AI,153
0.81,0.19,15294.301327115889,1482,Randomized Queue,AI,153
0.79,0.21,13265.279908518061,1365,FCFS,No AI,154
0.64,0.36,12313.603917976488,2808,FCFS,AI,154
0.76,0.24,13689.020442820969,1560,Randomized Queue,No AI,154
0.82,0.18,15836.685584980487,1404,Randomized Queue,AI,154
0.77,0.23,12857.354082200893,1495,FCFS,No AI,155
0.59,0.41,10900.37497856473,3198,FCFS,AI,155
0.79,0.21,13547.74549620664,1365,Randomized Queue,No AI,155
0.78,0.22,13918.412829053153,1716,Randomized Queue,AI,155
0.74,0.26,12691.391128345602,1690,FCFS,No AI,156
0.62,0.38,12019.055978891854,2964,FCFS,AI,156
0.84,0.16,13754.929389803161,1040,Randomized Queue,No AI,156
0.8,0.2,14946.72759083991,1560,Randomized Queue,AI,156
0.78,0.22,13782.515845387752,1430,FCFS,No AI,157
0.63,0.37,11711.759928858752,2886,FCFS,AI,157
0.82,0.18,14587.411201127066,1170,Randomized Queue,No AI,157
0.82,0.18,15460.502619136227,1404,Randomized Queue,AI,157
0.74,0.26,12835.38724381064,1690,FCFS,No AI,158
0.67,0.33,12325.6022528484,2574,FCFS,AI,158
0.77,0.23,12732.13943801183,1495,Randomized Queue,No AI,158
0.79,0.21,15172.896017987869,1638,Randomized Queue,AI,158
0.81,0.19,14434.628496680802,1235,FCFS,No AI,159
0.64,0.36,11908.998210322188,2808,FCFS,AI,159
0.8,0.2,13979.605357297522,1300,Randomized Queue,No AI,159
0.78,0.22,14500.866880896321,1716,Randomized Queue,AI,159
0.74,0.26,12771.902648182739,1690,FCFS,No AI,160
0.62,0.38,11234.204904588249,2964,FCFS,AI,160
0.81,0.19,14249.167258445928,1235,Randomized Queue,No AI,160
0.73,0.27,13082.289965675527,2106,Randomized Queue,AI,160
0.8,0.2,14342.320195699695,1300,FCFS,No AI,161
0.6,0.4,11600.075676117762,3120,FCFS,AI,161
0.79,0.21,14012.782192908226,1365,Randomized Queue,No AI,161
0.79,0.21,15005.56064193032,1638,Randomized Queue,AI,161
0.82,0.18,14595.025827584122,1170,FCFS,No AI,162
0.65,0.35,12037.175512851098,2730,FCFS,AI,162
0.83,0.17,14529.085416308078,1105,Randomized Queue,No AI,162
0.8,0.2,15249.748481347702,1560,Randomized Queue,AI,162
0.73,0.27,12700.149575976895,1755,FCFS,No AI,163
0.63,0.37,11744.875963921264,2886,FCFS,AI,163
0.83,0.17,14725.37110913252,1105,Randomized Queue,No AI,163
0.82,0.18,15811.872408473673,1404,Randomized Queue,AI,163
0.81,0.19,13741.849909762568,1235,FCFS,No AI,164
0.62,0.38,10992.163987988484,2964,FCFS,AI,164
0.84,0.16,14644.131058565032,1040,Randomized Queue,No AI,164
0.78,0.22,14292.445041814086,1716,Randomized Queue,AI,164
0.78,0.22,13534.615195806644,1430,FCFS,No AI,165
0.63,0.37,12423.234971823174,2886,FCFS,AI,165
0.82,0.18,14719.106191271283,1170,Randomized Queue,No AI,165
0.8,0.2,14480.576102846582,1560,Randomized Queue,AI,165
0.77,0.23,13928.145953761607,1495,FCFS,No AI,166
0.61,0.39,11160.397714592698,3042,FCFS,AI,166
0.77,0.23,13079.56263101954,1495,Randomized Queue,No AI,166
0.78,0.22,14639.52696375417,1716,Randomized Queue,AI,166
0.83,0.17,14831.92638067232,1105,FCFS,No AI,167
0.62,0.38,11231.54698245733,2964,FCFS,AI,167
0.77,0.23,13426.24254731604,1495,Randomized Queue,No AI,167
0.8,0.2,15335.738118681113,1560,Randomized Queue,AI,167
0.76,0.24,13200.26398035801,1560,FCFS,No AI,168
0.65,0.35,11844.347979319624,2730,FCFS,AI,168
0.78,0.22,13411.853372620693,1430,Randomized Queue,No AI,168
0.82,0.18,15643.890413553037,1404,Randomized Queue,AI,168
0.78,0.22,13012.536001741308,1430,FCFS,No AI,169
0.68,0.32,12812.257963585356,2496,FCFS,AI,169
0.77,0.23,13095.677697609995,1495,Randomized Queue,No AI,169
0.83,0.17,15182.56108958336,1326,Randomized Queue,AI,169
0.78,0.22,13645.032102867299,1430,FCFS,No AI,170
0.64,0.36,12278.344885056818,2808,FCFS,AI,170
0.86,0.14,14612.980369023284,910,Randomized Queue,No AI,170
0.75,0.25,15003.746884694983,1950,Randomized Queue,AI,170
0.78,0.22,13740.078271009761,1430,FCFS,No AI,171
0.66,0.34,12840.83217755195,2652,FCFS,AI,171
0.82,0.18,14142.455023237724,1170,Randomized Queue,No AI,171
0.81,0.19,14986.940528252686,1482,Randomized Queue,AI,171
0.77,0.23,13488.92766139301,1495,FCFS,No AI,172
0.67,0.33,12675.2257569595,2574,FCFS,AI,172
0.8,0.2,13488.838264952763,1300,Randomized Queue,No AI,172
0.75,0.25,13381.377590767997,1950,Randomized Queue,AI,172
0.74,0.26,12729.399251617657,1690,FCFS,No AI,173
0.66,0.34,12256.935409810765,2652,FCFS,AI,173
0.83,0.17,14471.552199323996,1105,Randomized Queue,No AI,173
0.82,0.18,15321.21090585206,1404,Randomized Queue,AI,173
0.72,0.28,12227.442166934117,1820,FCFS,No AI,174
0.64,0.36,11555.115770186914,2808,FCFS,AI,174
0.79,0.21,13862.393448645294,1365,Randomized Queue,No AI,174
0.85,0.15,15871.408126755296,1170,Randomized Queue,AI,174
0.74,0.26,12720.414124550325,1690,FCFS,No AI,175
0.61,0.39,11794.370366112287,3042,FCFS,AI,175
0.83,0.17,14978.575008662036,1105,Randomized Queue,No AI,175
0.83,0.17,14814.071400252134,1326,Randomized Queue,AI,175
0.77,0.23,13421.78879708471,1495,FCFS,No AI,176
0.63,0.37,11568.310073427525,2886,FCFS,AI,176
0.77,0.23,14152.088963840904,1495,Randomized Queue,No AI,176
0.71,0.29,13447.87785122967,2262,Randomized Queue,AI,176
0.71,0.29,11799.644828498833,1885,FCFS,No AI,177
0.66,0.34,12499.249217595321,2652,FCFS,AI,177
0.78,0.22,13448.804338126185,1430,Randomized Queue,No AI,177
0.76,0.24,13875.937600001147,1872,Randomized Queue,AI,177
0.71,0.29,12048.400927521458,1885,FCFS,No AI,178
0.62,0.38,12340.026641119493,2964,FCFS,AI,178
0.79,0.21,13279.481201845163,1365,Randomized Queue,No AI,178
0.8,0.2,14471.514860216943,1560,Randomized Queue,AI,178
0.72,0.28,12107.10076778004,1820,FCFS,No AI,179
0.64,0.36,12213.959350425313,2808,FCFS,AI,179
0.86,0.14,14959.489894759923,910,Randomized Queue,No AI,179
0.81,0.19,15651.386687909944,1482,Randomized Queue,AI,179
0.79,0.21,13979.122631536822,1365,FCFS,No AI,180
0.65,0.35,12252.107878394538,2730,FCFS,AI,180
0.78,0.22,14043.362131478818,1430,Randomized Queue,No AI,180
0.76,0.24,14386.75331679211,1872,Randomized Queue,AI,180
0.75,0.25,13039.361956925371,1625,FCFS,No AI,181
0.64,0.36,11546.246890075094,2808,FCFS,AI,181
0.76,0.24,12785.770401545155,1560,Randomized Queue,No AI,181
0.74,0.26,13812.963201837289,2028,Randomized Queue,AI,181
0.78,0.22,13101.100492249989,1430,FCFS,No AI,182
0.62,0.38,11494.032422097194,2964,FCFS,AI,182
0.8,0.2,13863.95170636076,1300,Randomized Queue,No AI,182
0.76,0.24,14011.51206176269,1872,Randomized Queue,AI,182
0.77,0.23,13273.794233668965,1495,FCFS,No AI,183
0.65,0.35,12288.63508789643,2730,FCFS,AI,183
0.81,0.19,14442.982757097192,1235,Randomized Queue,No AI,183
0.83,0.17,14987.628367303212,1326,Randomized Queue,AI,183
0.79,0.21,13971.421296496948,1365,FCFS,No AI,184
0.69,0.31,12848.592525791331,2418,FCFS,AI,184
0.88,0.12,15181.937458688302,780,Randomized Queue,No AI,184
0.81,0.19,15603.918947279291,1482,Randomized Queue,AI,184
0.75,0.25,12286.732233051487,1625,FCFS,No AI,185
0.67,0.33,12537.061018710663,2574,FCFS,AI,185
0.8,0.2,14122.974148809706,1300,Randomized Queue,No AI,185
0.83,0.17,15457.645194731189,1326,Randomized Queue,AI,185
0.76,0.24,12693.886297672218,1560,FCFS,No AI,186
0.61,0.39,11106.231120153643,3042,FCFS,AI,186
0.83,0.17,14694.036950315694,1105,Randomized Queue,No AI,186
0.76,0.24,14312.807551805516,1872,Randomized Queue,AI,186
0.75,0.25,12641.312213602232,1625,FCFS,No AI,187
0.61,0.39,11075.781830391566,3042,FCFS,AI,187
0.74,0.26,12532.067237521409,1690,Randomized Queue,No AI,187
0.79,0.21,14505.96798030438,1638,Randomized Queue,AI,187
0.71,0.29,12030.899835566726,1885,FCFS,No AI,188
0.65,0.35,11864.813404653152,2730,FCFS,AI,188
0.83,0.17,14706.310086681236,1105,Randomized Queue,No AI,188
0.83,0.17,15663.530165621582,1326,Randomized Queue,AI,188
0.79,0.21,13962.936737821154,1365,FCFS,No AI,189
0.63,0.37,12213.022477767747,2886,FCFS,AI,189
0.82,0.18,14581.332610458303,1170,Randomized Queue,No AI,189
0.81,0.19,14643.533767732795,1482,Randomized Queue,AI,189
0.82,0.18,14887.164016068553,1170,FCFS,No AI,190
0.66,0.34,11868.624530553781,2652,FCFS,AI,190
0.78,0.22,13570.964591191918,1430,Randomized Queue,No AI,190
0.83,0.17,15310.825739232008,1326,Randomized Queue,AI,190
0.78,0.22,13662.857462289892,1430,FCFS,No AI,191
0.55,0.45,10786.908702178633,3510,FCFS,AI,191
0.76,0.24,13092.567096717776,1560,Randomized Queue,No AI,191
0.8,0.2,14485.518992080943,1560,Randomized Queue,AI,191
0.8,0.2,13448.084742405474,1300,FCFS,No AI,192
0.66,0.34,12295.25683854633,2652,FCFS,AI,192
0.8,0.2,14029.773975247921,1300,Randomized Queue,No AI,192
0.79,0.21,15605.910356462027,1638,Randomized Queue,AI,192
0.73,0.27,12606.59982237623,1755,FCFS,No AI,193
0.66,0.34,12774.820979726694,2652,FCFS,AI,193
0.78,0.22,14065.406665406263,1430,Randomized Queue,No AI,193
0.78,0.22,14277.888140302397,1716,Randomized Queue,AI,193
0.72,0.28,12431.182748241892,1820,FCFS,No AI,194
0.64,0.36,11833.079625893255,2808,FCFS,AI,194
0.8,0.2,14194.540284812083,1300,Randomized Queue,No AI,194
0.78,0.22,13676.839755263223,1716,Randomized Queue,AI,194
0.74,0.26,13376.190632505186,1690,FCFS,No AI,195
0.63,0.37,11751.50181942991,2886,FCFS,AI,195
0.79,0.21,13895.359535913018,1365,Randomized Queue,No AI,195
0.78,0.22,14209.35694977627,1716,Randomized Queue,AI,195
0.82,0.18,13707.210782120164,1170,FCFS,No AI,196
0.69,0.31,13099.488402142888,2418,FCFS,AI,196
0.79,0.21,13528.885999157383,1365,Randomized Queue,No AI,196
0.78,0.22,14879.450728578538,1716,Randomized Queue,AI,196
0.73,0.27,12626.129108407367,1755,FCFS,No AI,197
0.67,0.33,11945.893421371302,2574,FCFS,AI,197
0.82,0.18,14339.27872295948,1170,Randomized Queue,No AI,197
0.8,0.2,15113.94617491362,1560,Randomized Queue,AI,197
0.75,0.25,12658.370771968172,1625,FCFS,No AI,198
0.64,0.36,11426.64582331204,2808,FCFS,AI,198
0.74,0.26,13139.946669578681,1690,Randomized Queue,No AI,198
0.83,0.17,16083.291022091938,1326,Randomized Queue,AI,198
0.75,0.25,12400.025899229558,1625,FCFS,No AI,199
0.62,0.38,11333.79468587187,2964,FCFS,AI,199
0.82,0.18,13879.124788034458,1170,Randomized Queue,No AI,199
0.79,0.21,14675.052398605983,1638,Randomized Queue,AI,199
0.77,0.23,13675.094741898909,1495,FCFS,No AI,200
0.62,0.38,11459.61096006162,2964,FCFS,AI,200
0.84,0.16,14364.950861080571,1040,Randomized Queue,No AI,200
0.77,0.23,14064.640863339175,1794,Randomized Queue,AI,200
0.8,0.2,13514.222988571984,1300,FCFS,No AI,201
0.68,0.32,12490.910839137336,2496,FCFS,AI,201
0.78,0.22,13396.907239144604,1430,Randomized Queue,No AI,201
0.83,0.17,15773.894086562259,1326,Randomized Queue,AI,201
0.76,0.24,13439.425798393399,1560,FCFS,No AI,202
0.61,0.39,11284.205651997583,3042,FCFS,AI,202
0.81,0.19,14142.302739955392,1235,Randomized Queue,No AI,202
0.82,0.18,14541.568967065285,1404,Randomized Queue,AI,202
0.79,0.21,13476.64105829664,1365,FCFS,No AI,203
0.59,0.41,10742.98968729581,3198,FCFS,AI,203
0.8,0.2,12908.186859804038,1300,Randomized Queue,No AI,203
0.78,0.22,14640.59632782426,1716,Randomized Queue,AI,203
0.78,0.22,13357.45454983732,1430,FCFS,No AI,204
0.65,0.35,11985.187326981886,2730,FCFS,AI,204
0.76,0.24,13393.37099637137,1560,Randomized Queue,No AI,204
0.81,0.19,15019.54356189193,1482,Randomized Queue,AI,204
0.76,0.24,12711.334441632027,1560,FCFS,No AI,205
0.6,0.4,10765.232286250402,3120,FCFS,AI,205
0.79,0.21,14166.487664481063,1365,Randomized Queue,No AI,205
0.75,0.25,13826.145209824443,1950,Randomized Queue,AI,205
0.76,0.24,12935.451648103313,1560,FCFS,No AI,206
0.66,0.34,11882.43239106102,2652,FCFS,AI,206
0.78,0.22,13229.585336361883,1430,Randomized Queue,No AI,206
0.8,0.2,14733.860262486829,1560,Randomized Queue,AI,206
0.78,0.22,13514.279760636226,1430,FCFS,No AI,207
0.71,0.29,12666.440432288884,2262,FCFS,AI,207
0.82,0.18,14171.254361056703,1170,Randomized Queue,No AI,207
0.81,0.19,14911.062892417673,1482,Randomized Queue,AI,207
0.74,0.26,12643.688591466042,1690,FCFS,No AI,208
0.67,0.33,12412.687475868075,2574,FCFS,AI,208
0.78,0.22,14178.837945980133,1430,Randomized Queue,No AI,208
0.77,0.23,14249.753541724014,1794,Randomized Queue,AI,208
0.74,0.26,13021.85336386285,1690,FCFS,No AI,209
0.65,0.35,11809.735839173949,2730,FCFS,AI,209
0.79,0.21,13852.043777506442,1365,Randomized Queue,No AI,209
0.78,0.22,14313.75861366759,1716,Randomized Queue,AI,209
0.79,0.21,13246.450449645146,1365,FCFS,No AI,210
0.66,0.34,11922.029709877135,2652,FCFS,AI,210
0.75,0.25,13065.811943810708,1625,Randomized Queue,No AI,210
0.81,0.19,14936.766593130114,1482,Randomized Queue,AI,210
0.76,0.24,12988.81265061859,1560,FCFS,No AI,211
0.61,0.39,11746.584758247773,3042,FCFS,AI,211
0.78,0.22,12729.37466113459,1430,Randomized Queue,No AI,211
0.77,0.23,14330.726607292398,1794,Randomized Queue,AI,211
0.69,0.31,11600.568586162412,2015,FCFS,No AI,212
0.7,0.3,13136.246637610573,2340,FCFS,AI,212
0.78,0.22,13657.987827992503,1430,Randomized Queue,No AI,212
0.78,0.22,14149.516131886821,1716,Randomized Queue,AI,212
0.77,0.23,12906.302531335663,1495,FCFS,No AI,213
0.6,0.4,10846.242061872961,3120,FCFS,AI,213
0.86,0.14,14818.328883058588,910,Randomized Queue,No AI,213
0.81,0.19,14785.778841010922,1482,Randomized Queue,AI,213
0.78,0.22,13227.58961560771,1430,FCFS,No AI,214
0.69,0.31,12711.443026263243,2418,FCFS,AI,214
0.76,0.24,13415.533070977648,1560,Randomized Queue,No AI,214
0.83,0.17,15759.934587844587,1326,Randomized Queue,AI,214
0.78,0.22,13507.62979804058,1430,FCFS,No AI,215
0.66,0.34,12455.279588059513,2652,FCFS,AI,215
0.81,0.19,14373.24020609334,1235,Randomized Queue,No AI,215
0.78,0.22,15041.190214143217,1716,Randomized Queue,AI,215
0.73,0.27,13041.461738043969,1755,FCFS,No AI,216
0.65,0.35,12231.768420819413,2730,FCFS,AI,216
0.77,0.23,13846.523006328629,1495,Randomized Queue,No AI,216
0.8,0.2,15711.185818362732,1560,Randomized Queue,AI,216
0.74,0.26,12315.682480843927,1690,FCFS,No AI,217
0.65,0.35,11662.066183676958,2730,FCFS,AI,217
0.75,0.25,13072.319136111319,1625,Randomized Queue,No AI,217
0.77,0.23,14833.794039863145,1794,Randomized Queue,AI,217
0.75,0.25,12911.685324167649,1625,FCFS,No AI,218
0.61,0.39,11347.418640424365,3042,FCFS,AI,218
0.81,0.19,13764.610205691783,1235,Randomized Queue,No AI,218
0.81,0.19,15530.02811596333,1482,Randomized Queue,AI,218
0.74,0.26,12427.89712165411,1690,FCFS,No AI,219
0.66,0.34,12651.137113391816,2652,FCFS,AI,219
0.8,0.2,13831.245397617582,1300,Randomized Queue,No AI,219
0.74,0.26,13983.728305353321,2028,Randomized Queue,AI,219
0.75,0.25,13573.977546688484,1625,FCFS,No AI,220
0.61,0.39,11580.6711128687,3042,FCFS,AI,220
0.78,0.22,13586.314886982978,1430,Randomized Queue,No AI,220
0.8,0.2,15005.533177127621,1560,Randomized Queue,AI,220
0.75,0.25,12870.806553113374,1625,FCFS,No AI,221
0.63,0.37,11945.97518648175,2886,FCFS,AI,221
0.78,0.22,13821.96971640103,1430,Randomized Queue,No AI,221
0.83,0.17,16488.232878632094,1326,Randomized Queue,AI,221
0.73,0.27,12634.089940122112,1755,FCFS,No AI,222
0.65,0.35,12509.11119647346,2730,FCFS,AI,222
0.81,0.19,13895.005355135027,1235,Randomized Queue,No AI,222
0.79,0.21,13654.580902994814,1638,Randomized Queue,AI,222
0.8,0.2,13828.528679050567,1300,FCFS,No AI,223
0.65,0.35,11736.885863072286,2730,FCFS,AI,223
0.87,0.13,15216.01530069,845,Randomized Queue,No AI,223
0.87,0.13,16221.547126979909,1014,Randomized Queue,AI,223
0.78,0.22,14340.136203719674,1430,FCFS,No AI,224
0.61,0.39,11203.302901124676,3042,FCFS,AI,224
0.86,0.14,15391.252961559647,910,Randomized Queue,No AI,224
0.82,0.18,14754.945978912066,1404,Randomized Queue,AI,224
0.78,0.22,13823.503495897052,1430,FCFS,No AI,225
0.66,0.34,11695.955542572483,2652,FCFS,AI,225
0.76,0.24,12585.893408003247,1560,Randomized Queue,No AI,225
0.8,0.2,15126.866009596628,1560,Randomized Queue,AI,225
0.72,0.28,12265.827696641465,1820,FCFS,No AI,226
0.68,0.32,12846.874018180088,2496,FCFS,AI,226
0.8,0.2,13580.075887706684,1300,Randomized Queue,No AI,226
0.82,0.18,15947.581861434795,1404,Randomized Queue,AI,226
0.74,0.26,12684.644334262946,1690,FCFS,No AI,227
0.62,0.38,11914.718902621113,2964,FCFS,AI,227
0.83,0.17,14453.876947610177,1105,Randomized Queue,No AI,227
0.75,0.25,14019.638206827745,1950,Randomized Queue,AI,227
0.76,0.24,13493.334433459106,1560,FCFS,No AI,228
0.61,0.39,11129.779802396435,3042,FCFS,AI,228
0.83,0.17,14535.197737305478,1105,Randomized Queue,No AI,228
0.79,0.21,14596.833099817733,1638,Randomized Queue,AI,228
0.7,0.3,11934.042308989587,1950,FCFS,No AI,229
0.62,0.38,10804.509332980508,2964,FCFS,AI,229
0.79,0.21,13056.717956281549,1365,Randomized Queue,No AI,229
0.82,0.18,15183.699333569886,1404,Randomized Queue,AI,229
0.77,0.23,13318.419398340491,1495,FCFS,No AI,230
0.66,0.34,12436.338385266397,2652,FCFS,AI,230
0.8,0.2,13641.239248362399,1300,Randomized Queue,No AI,230
0.85,0.15,15737.866781099852,1170,Randomized Queue,AI,230
0.82,0.18,14165.295127751751,1170,FCFS,No AI,231
0.61,0.39,11667.17544527606,3042,FCFS,AI,231
0.83,0.17,14145.185461108385,1105,Randomized Queue,No AI,231
0.76,0.24,13612.72087338028,1872,Randomized Queue,AI,231
0.75,0.25,13673.165074131934,1625,FCFS,No AI,232
0.59,0.41,11049.84589115726,3198,FCFS,AI,232
0.85,0.15,15647.635440480164,975,Randomized Queue,No AI,232
0.87,0.13,16811.783711055225,1014,Randomized Queue,AI,232
0.75,0.25,13057.268228719344,1625,FCFS,No AI,233
0.62,0.38,11672.33242506286,2964,FCFS,AI,233
0.76,0.24,12570.093662950327,1560,Randomized Queue,No AI,233
0.81,0.19,14675.534583905695,1482,Randomized Queue,AI,233
0.73,0.27,12435.372452194455,1755,FCFS,No AI,234
0.63,0.37,11469.10693631297,2886,FCFS,AI,234
0.85,0.15,15286.397931191907,975,Randomized Queue,No AI,234
0.73,0.27,13474.072210440589,2106,Randomized Queue,AI,234
0.74,0.26,12632.096131446982,1690,FCFS,No AI,235
0.66,0.34,12327.091916151528,2652,FCFS,AI,235
0.8,0.2,13510.009382862245,1300,Randomized Queue,No AI,235
0.82,0.18,15153.610262016746,1404,Randomized Queue,AI,235
0.76,0.24,13121.277199453958,1560,FCFS,No AI,236
0.65,0.35,12110.074498604732,2730,FCFS,AI,236
0.82,0.18,14688.90482265682,1170,Randomized Queue,No AI,236
0.84,0.16,15800.17541892152,1248,Randomized Queue,AI,236
0.76,0.24,12952.817402976178,1560,FCFS,No AI,237
0.64,0.36,11947.605231956262,2808,FCFS,AI,237
0.77,0.23,13403.304577836865,1495,Randomized Queue,No AI,237
0.78,0.22,14851.173784602164,1716,Randomized Queue,AI,237
0.74,0.26,12569.013008008998,1690,FCFS,No AI,238
0.68,0.32,12789.99674185771,2496,FCFS,AI,238
0.81,0.19,14170.992106082242,1235,Randomized Queue,No AI,238
0.82,0.18,15420.843869970578,1404,Randomized Queue,AI,238
0.74,0.26,13133.758679873192,1690,FCFS,No AI,239
0.6,0.4,11186.470175232806,3120,FCFS,AI,239
0.83,0.17,14869.784214866288,1105,Randomized Queue,No AI,239
0.79,0.21,15258.731905617627,1638,Randomized Queue,AI,239
0.75,0.25,12473.976707076834,1625,FCFS,No AI,240
0.66,0.34,12435.534199315834,2652,FCFS,AI,240
0.88,0.12,15414.68035206227,780,Randomized Queue,No AI,240
0.82,0.18,15304.740143621351,1404,Randomized Queue,AI,240
0.79,0.21,15077.805756518146,1365,FCFS,No AI,241
0.63,0.37,11947.515437847402,2886,FCFS,AI,241
0.77,0.23,12992.570529257931,1495,Randomized Queue,No AI,241
0.79,0.21,14761.629846767093,1638,Randomized Queue,AI,241
0.8,0.2,13926.739520211766,1300,FCFS,No AI,242
0.58,0.42,10713.211913952684,3276,FCFS,AI,242
0.8,0.2,14076.914493487338,1300,Randomized Queue,No AI,242
0.84,0.16,15821.789954897466,1248,Randomized Queue,AI,242
0.76,0.24,13461.557897203978,1560,FCFS,No AI,243
0.61,0.39,11859.650918887335,3042,FCFS,AI,243
0.77,0.23,13292.980791212498,1495,Randomized Queue,No AI,243
0.87,0.13,15836.738379376324,1014,Randomized Queue,AI,243
0.8,0.2,13558.128561429012,1300,FCFS,No AI,244
0.65,0.35,12631.814280851886,2730,FCFS,AI,244
0.79,0.21,14041.371655774332,1365,Randomized Queue,No AI,244
0.8,0.2,15400.16468597501,1560,Randomized Queue,AI,244
0.78,0.22,13974.064160191818,1430,FCFS,No AI,245
0.64,0.36,11764.833880673385,2808,FCFS,AI,245
0.81,0.19,13943.638006169473,1235,Randomized Queue,No AI,245
0.8,0.2,14969.014918181438,1560,Randomized Queue,AI,245
0.82,0.18,14332.09309590852,1170,FCFS,No AI,246
0.66,0.34,11979.329868813578,2652,FCFS,AI,246
0.83,0.17,15134.08903056812,1105,Randomized Queue,No AI,246
0.84,0.16,15767.95290088675,1248,Randomized Queue,AI,246
0.79,0.21,14204.615155883652,1365,FCFS,No AI,247
0.61,0.39,11225.091827507456,3042,FCFS,AI,247
0.79,0.21,14131.382880291954,1365,Randomized Queue,No AI,247
0.81,0.19,15037.612750873464,1482,Randomized Queue,AI,247
0.75,0.25,13119.734779089033,1625,FCFS,No AI,248
0.6,0.4,11901.398159205848,3120,FCFS,AI,248
0.79,0.21,13615.784103330405,1365,Randomized Queue,No AI,248
0.78,0.22,14792.306212998605,1716,Randomized Queue,AI,248
0.73,0.27,12418.389101199959,1755,FCFS,No AI,249
0.64,0.36,12252.593825883785,2808,FCFS,AI,249
0.73,0.27,12421.023900005535,1755,Randomized Queue,No AI,249
0.77,0.23,14373.666575083138,1794,Randomized Queue,AI,249
0.74,0.26,13091.97734189956,1690,FCFS,No AI,250
0.62,0.38,11507.197288163477,2964,FCFS,AI,250
0.83,0.17,14527.931486787673,1105,Randomized Queue,No AI,250
0.77,0.23,14497.773415299725,1794,Randomized Queue,AI,250
0.78,0.22,13463.266887780552,1430,FCFS,No AI,251
0.66,0.34,12058.001966137354,2652,FCFS,AI,251
0.76,0.24,13729.640512914944,1560,Randomized Queue,No AI,251
0.78,0.22,15052.101256154932,1716,Randomized Queue,AI,251
0.73,0.27,12590.092472333092,1755,FCFS,No AI,252
0.64,0.36,12300.705234643923,2808,FCFS,AI,252
0.81,0.19,14368.402136597535,1235,Randomized Queue,No AI,252
0.83,0.17,15586.675251848721,1326,Randomized Queue,AI,252
0.79,0.21,13907.200023990443,1365,FCFS,No AI,253
0.66,0.34,12151.182250248628,2652,FCFS,AI,253
0.81,0.19,14175.700682902332,1235,Randomized Queue,No AI,253
0.8,0.2,14557.56488689718,1560,Randomized Queue,AI,253
0.8,0.2,13464.235157336261,1300,FCFS,No AI,254
0.62,0.38,10763.737713013614,2964,FCFS,AI,254
0.82,0.18,14348.515415573665,1170,Randomized Queue,No AI,254
0.82,0.18,15648.68811512505,1404,Randomized Queue,AI,254
0.76,0.24,13112.05211044064,1560,FCFS,No AI,255
0.62,0.38,11555.407426405498,2964,FCFS,AI,255
0.8,0.2,13630.14001957152,1300,Randomized Queue,No AI,255
0.77,0.23,14889.413604768039,1794,Randomized Queue,AI,255
0.76,0.24,13424.466265323876,1560,FCFS,No AI,256
0.62,0.38,11861.586947888276,2964,FCFS,AI,256
0.83,0.17,14329.979963392505,1105,Randomized Queue,No AI,256
0.81,0.19,15089.123392010297,1482,Randomized Queue,AI,256
0.74,0.26,13257.255657050651,1690,FCFS,No AI,257
0.63,0.37,11248.899455786663,2886,FCFS,AI,257
0.72,0.28,12763.375994086733,1820,Randomized Queue,No AI,257
0.8,0.2,14537.04368982968,1560,Randomized Queue,AI,257
0.81,0.19,13795.690323219016,1235,FCFS,No AI,258
0.66,0.34,12056.68605060841,2652,FCFS,AI,258
0.77,0.23,13739.509302174922,1495,Randomized Queue,No AI,258
0.74,0.26,13274.307972524466,2028,Randomized Queue,AI,258
0.74,0.26,12101.046861738987,1690,FCFS,No AI,259
0.56,0.44,10619.202507106642,3432,FCFS,AI,259
0.79,0.21,13327.06624421189,1365,Randomized Queue,No AI,259
0.82,0.18,14973.522137109663,1404,Randomized Queue,AI,259
0.8,0.2,14179.92812565996,1300,FCFS,No AI,260
0.64,0.36,11470.292241784857,2808,FCFS,AI,260
0.84,0.16,15106.954727278197,1040,Randomized Queue,No AI,260
0.78,0.22,14898.219516350515,1716,Randomized Queue,AI,260
0.7,0.3,11602.165218399277,1950,FCFS,No AI,261
0.64,0.36,11901.290557156,2808,FCFS,AI,261
0.8,0.2,13837.369857495825,1300,Randomized Queue,No AI,261
0.8,0.2,15327.24065524973,1560,Randomized Queue,AI,261
0.74,0.26,12823.62341293249,1690,FCFS,No AI,262
0.63,0.37,12141.015502789925,2886,FCFS,AI,262
0.78,0.22,13101.597671917394,1430,Randomized Queue,No AI,262
0.81,0.19,15144.029878738143,1482,Randomized Queue,AI,262
0.76,0.24,12425.30773263877,1560,FCFS,No AI,263
0.63,0.37,11703.406607697289,2886,FCFS,AI,263
0.81,0.19,14506.147902856132,1235,Randomized Queue,No AI,263
0.78,0.22,14475.837708291618,1716,Randomized Queue,AI,263
0.76,0.24,13212.650862154538,1560,FCFS,No AI,264
0.69,0.31,13322.09881546379,2418,FCFS,AI,264
0.83,0.17,14665.203216779764,1105,Randomized Queue,No AI,264
0.8,0.2,15539.4400714322,1560,Randomized Queue,AI,264
0.77,0.23,13783.276521716676,1495,FCFS,No AI,265
0.63,0.37,11887.195536943853,2886,FCFS,AI,265
0.8,0.2,13666.71165275975,1300,Randomized Queue,No AI,265
0.78,0.22,14851.541354470068,1716,Randomized Queue,AI,265
0.76,0.24,13622.896127466593,1560,FCFS,No AI,266
0.63,0.37,12089.065823092375,2886,FCFS,AI,266
0.84,0.16,14331.56614828581,1040,Randomized Queue,No AI,266
0.79,0.21,14597.827069874822,1638,Randomized Queue,AI,266
0.73,0.27,12907.012522187677,1755,FCFS,No AI,267
0.61,0.39,11148.686492968083,3042,FCFS,AI,267
0.82,0.18,14409.965147954892,1170,Randomized Queue,No AI,267
0.81,0.19,15199.620797544492,1482,Randomized Queue,AI,267
0.82,0.18,13400.10053214577,1170,FCFS,No AI,268
0.64,0.36,11669.139940045769,2808,FCFS,AI,268
0.8,0.2,14090.656205148254,1300,Randomized Queue,No AI,268
0.77,0.23,14139.818791036576,1794,Randomized Queue,AI,268
0.74,0.26,12322.775518827611,1690,FCFS,No AI,269
0.62,0.38,12015.106249946035,2964,FCFS,AI,269
0.83,0.17,14500.77199246488,1105,Randomized Queue,No AI,269
0.86,0.14,15336.535840747432,1092,Randomized Queue,AI,269
0.75,0.25,12356.784917456926,1625,FCFS,No AI,270
0.64,0.36,12083.591551930844,2808,FCFS,AI,270
0.82,0.18,14927.420049561435,1170,Randomized Queue,No AI,270
0.83,0.17,16004.842294339986,1326,Randomized Queue,AI,270
0.78,0.22,13044.458179083242,1430,FCFS,No AI,271
0.66,0.34,11752.281281022202,2652,FCFS,AI,271
0.81,0.19,13913.847359347392,1235,Randomized Queue,No AI,271
0.81,0.19,14744.018387116124,1482,Randomized Queue,AI,271
0.74,0.26,12631.566018448013,1690,FCFS,No AI,272
0.63,0.37,11403.7604126125,2886,FCFS,AI,272
0.78,0.22,12512.477171969305,1430,Randomized Queue,No AI,272
0.79,0.21,14010.10612939807,1638,Randomized Queue,AI,272
0.79,0.21,14069.75486086317,1365,FCFS,No AI,273
0.62,0.38,11442.503487994687,2964,FCFS,AI,273
0.76,0.24,12782.278689408486,1560,Randomized Queue,No AI,273
0.8,0.2,14789.1347907247,1560,Randomized Queue,AI,273
0.78,0.22,14045.519330497595,1430,FCFS,No AI,274
0.62,0.38,11916.472413332573,2964,FCFS,AI,274
0.85,0.15,14972.035792620894,975,Randomized Queue,No AI,274
0.77,0.23,14461.805616054515,1794,Randomized Queue,AI,274
0.73,0.27,12433.440446511831,1755,FCFS,No AI,275
0.64,0.36,12094.670009894886,2808,FCFS,AI,275
0.82,0.18,14429.340557812791,1170,Randomized Queue,No AI,275
0.81,0.19,15223.1467013926,1482,Randomized Queue,AI,275
0.78,0.22,13082.55600030241,1430,FCFS,No AI,276
0.62,0.38,11538.245571476542,2964,FCFS,AI,276
0.72,0.28,12757.218776316142,1820,Randomized Queue,No AI,276
0.81,0.19,15079.609491890946,1482,Randomized Queue,AI,276
0.81,0.19,13636.412038304248,1235,FCFS,No AI,277
0.67,0.33,12762.685997931118,2574,FCFS,AI,277
0.83,0.17,14985.091250919286,1105,Randomized Queue,No AI,277
0.82,0.18,14401.815358784099,1404,Randomized Queue,AI,277
0.76,0.24,12703.470730498582,1560,FCFS,No AI,278
0.66,0.34,12730.804296768898,2652,FCFS,AI,278
0.83,0.17,14834.0336659503,1105,Randomized Queue,No AI,278
0.8,0.2,15865.679384931147,1560,Randomized Queue,AI,278
0.81,0.19,13791.679600503308,1235,FCFS,No AI,279
0.62,0.38,11650.50407376804,2964,FCFS,AI,279
0.83,0.17,14128.342105451055,1105,Randomized Queue,No AI,279
0.78,0.22,14642.677123010406,1716,Randomized Queue,AI,279
0.75,0.25,13281.05799726839,1625,FCFS,No AI,280
0.66,0.34,12367.501607714485,2652,FCFS,AI,280
0.84,0.16,14236.608024624953,1040,Randomized Queue,No AI,280
0.83,0.17,15572.818413327865,1326,Randomized Queue,AI,280
0.78,0.22,13177.600387018265,1430,FCFS,No AI,281
0.63,0.37,12289.30887417257,2886,FCFS,AI,281
0.82,0.18,14011.704503054636,1170,Randomized Queue,No AI,281
0.77,0.23,14441.012656462415,1794,Randomized Queue,AI,281
0.76,0.24,13089.90889613344,1560,FCFS,No AI,282
0.67,0.33,11802.506672849717,2574,FCFS,AI,282
0.79,0.21,14104.315763486016,1365,Randomized Queue,No AI,282
0.77,0.23,14282.485989384275,1794,Randomized Queue,AI,282
0.75,0.25,13516.542206339978,1625,FCFS,No AI,283
0.66,0.34,11645.682230544497,2652,FCFS,AI,283
0.83,0.17,14543.671960659492,1105,Randomized Queue,No AI,283
0.83,0.17,15543.090017614968,1326,Randomized Queue,AI,283
0.81,0.19,14206.202737486261,1235,FCFS,No AI,284
0.67,0.33,12627.224796430788,2574,FCFS,AI,284
0.78,0.22,13308.908797538093,1430,Randomized Queue,No AI,284
0.85,0.15,15173.479894504884,1170,Randomized Queue,AI,284
0.78,0.22,13178.975339703731,1430,FCFS,No AI,285
0.58,0.42,11242.066856272897,3276,FCFS,AI,285
0.78,0.22,13582.580684603276,1430,Randomized Queue,No AI,285
0.72,0.28,13647.399531491099,2184,Randomized Queue,AI,285
0.75,0.25,12681.942421999507,1625,FCFS,No AI,286
0.68,0.32,12193.320923553569,2496,FCFS,AI,286
0.82,0.18,14382.882562061544,1170,Randomized Queue,No AI,286
0.76,0.24,13698.239754150742,1872,Randomized Queue,AI,286
0.76,0.24,13687.500680066467,1560,FCFS,No AI,287
0.63,0.37,12331.899638603987,2886,FCFS,AI,287
0.77,0.23,13749.939725576218,1495,Randomized Queue,No AI,287
0.79,0.21,15359.337292442891,1638,Randomized Queue,AI,287
0.75,0.25,12946.25719987772,1625,FCFS,No AI,288
0.65,0.35,11886.63423494855,2730,FCFS,AI,288
0.81,0.19,14619.07312396082,1235,Randomized Queue,No AI,288
0.8,0.2,14878.346528651911,1560,Randomized Queue,AI,288
0.76,0.24,12760.17143300745,1560,FCFS,No AI,289
0.61,0.39,11501.989750245119,3042,FCFS,AI,289
0.83,0.17,15107.7516728713,1105,Randomized Queue,No AI,289
0.78,0.22,14639.884531833972,1716,Randomized Queue,AI,289
0.76,0.24,13153.970592153215,1560,FCFS,No AI,290
0.59,0.41,10748.05013920097,3198,FCFS,AI,290
0.82,0.18,14150.462249296139,1170,Randomized Queue,No AI,290
0.77,0.23,13544.144589454974,1794,Randomized Queue,AI,290
0.74,0.26,13089.253550833531,1690,FCFS,No AI,291
0.66,0.34,11645.120310645012,2652,FCFS,AI,291
0.77,0.23,13131.738664530627,1495,Randomized Queue,No AI,291
0.78,0.22,15415.621805106852,1716,Randomized Queue,AI,291
0.75,0.25,12373.951369425482,1625,FCFS,No AI,292
0.6,0.4,10765.98641939307,3120,FCFS,AI,292
0.88,0.12,15351.31625588741,780,Randomized Queue,No AI,292
0.78,0.22,14778.9145271475,1716,Randomized Queue,AI,292
0.75,0.25,12993.654993361753,1625,FCFS,No AI,293
0.61,0.39,11071.254924475694,3042,FCFS,AI,293
0.8,0.2,14097.583578073853,1300,Randomized Queue,No AI,293
0.8,0.2,14863.542856171047,1560,Randomized Queue,AI,293
0.77,0.23,12663.908226750013,1495,FCFS,No AI,294
0.62,0.38,12132.310561510953,2964,FCFS,AI,294
0.8,0.2,14260.080636817034,1300,Randomized Queue,No AI,294
0.84,0.16,15490.75696501196,1248,Randomized Queue,AI,294
0.78,0.22,13304.268231161217,1430,FCFS,No AI,295
0.62,0.38,11183.785735367894,2964,FCFS,AI,295
0.79,0.21,13400.273542573554,1365,Randomized Queue,No AI,295
0.78,0.22,14372.574434263119,1716,Randomized Queue,AI,295
0.72,0.28,11894.750631849944,1820,FCFS,No AI,296
0.72,0.28,13540.16045534466,2184,FCFS,AI,296
0.79,0.21,13896.166127391436,1365,Randomized Queue,No AI,296
0.79,0.21,14394.480029083632,1638,Randomized Queue,AI,296
0.7,0.3,12540.327440419678,1950,FCFS,No AI,297
0.63,0.37,11609.654178473002,2886,FCFS,AI,297
0.77,0.23,13420.497734800425,1495,Randomized Queue,No AI,297
0.81,0.19,15671.76090929027,1482,Randomized Queue,AI,297
0.82,0.18,14428.824928407248,1170,FCFS,No AI,298
0.64,0.36,11603.688117344189,2808,FCFS,AI,298
0.8,0.2,13896.058988258661,1300,Randomized Queue,No AI,298
0.75,0.25,13605.56367879451,1950,Randomized Queue,AI,298
0.79,0.21,13712.14324912133,1365,FCFS,No AI,299
0.66,0.34,12251.138986174417,2652,FCFS,AI,299
0.78,0.22,13932.668926869615,1430,Randomized Queue,No AI,299
0.8,0.2,14973.452337516224,1560,Randomized Queue,AI,299
0.75,0.25,12288.15860165075,1625,FCFS,No AI,300
0.65,0.35,12485.01879531133,2730,FCFS,AI,300
0.82,0.18,13780.626354225122,1170,Randomized Queue,No AI,300
0.78,0.22,14908.8896567311,1716,Randomized Queue,AI,300
0.75,0.25,13240.971765318365,1625,FCFS,No AI,301
0.63,0.37,12021.934827732692,2886,FCFS,AI,301
0.86,0.14,14451.30611220976,910,Randomized Queue,No AI,301
0.77,0.23,14684.74235024645,1794,Randomized Queue,AI,301
0.74,0.26,12694.267441477972,1690,FCFS,No AI,302
0.63,0.37,11660.857123800673,2886,FCFS,AI,302
0.77,0.23,13170.231983437514,1495,Randomized Queue,No AI,302
0.76,0.24,14099.60146079572,1872,Randomized Queue,AI,302
0.73,0.27,12664.44882911322,1755,FCFS,No AI,303
0.67,0.33,12275.091411367015,2574,FCFS,AI,303
0.8,0.2,13939.701122421046,1300,Randomized Queue,No AI,303
0.8,0.2,15568.401030764751,1560,Randomized Queue,AI,303
0.79,0.21,13757.673013295169,1365,FCFS,No AI,304
0.66,0.34,12340.650623537578,2652,FCFS,AI,304
0.77,0.23,13441.55771050307,1495,Randomized Queue,No AI,304
0.79,0.21,14548.923868721882,1638,Randomized Queue,AI,304
0.74,0.26,12284.210122437391,1690,FCFS,No AI,305
0.63,0.37,11475.092891950053,2886,FCFS,AI,305
0.78,0.22,13075.876193650174,1430,Randomized Queue,No AI,305
0.83,0.17,15481.370566346166,1326,Randomized Queue,AI,305
0.78,0.22,14107.315575921159,1430,FCFS,No AI,306
0.67,0.33,12642.281537667874,2574,FCFS,AI,306
0.81,0.19,13988.255683429665,1235,Randomized Queue,No AI,306
0.79,0.21,14789.562831851625,1638,Randomized Queue,AI,306
0.79,0.21,13592.73649167369,1365,FCFS,No AI,307
0.62,0.38,11384.21073111671,2964,FCFS,AI,307
0.84,0.16,14915.253084294927,1040,Randomized Queue,No AI,307
0.79,0.21,14456.671760796997,1638,Randomized Queue,AI,307
0.74,0.26,12985.983848625938,1690,FCFS,No AI,308
0.64,0.36,11069.147264433514,2808,FCFS,AI,308
0.81,0.19,13539.4278064879,1235,Randomized Queue,No AI,308
0.79,0.21,15409.809928276938,1638,Randomized Queue,AI,308
0.77,0.23,12379.408968921662,1495,FCFS,No AI,309
0.62,0.38,11720.500814331957,2964,FCFS,AI,309
0.84,0.16,14763.477713832674,1040,Randomized Queue,No AI,309
0.79,0.21,15442.176892543164,1638,Randomized Queue,AI,309
0.75,0.25,12683.117413821214,1625,FCFS,No AI,310
0.63,0.37,11723.058588564052,2886,FCFS,AI,310
0.85,0.15,14703.902578426649,975,Randomized Queue,No AI,310
0.79,0.21,14583.535952374403,1638,Randomized Queue,AI,310
0.73,0.27,13081.040220353842,1755,FCFS,No AI,311
0.62,0.38,12055.43381678025,2964,FCFS,AI,311
0.77,0.23,13657.69608340827,1495,Randomized Queue,No AI,311
0.79,0.21,15210.743722847434,1638,Randomized Queue,AI,311
0.76,0.24,13556.84248659271,1560,FCFS,No AI,312
0.65,0.35,11975.159302353051,2730,FCFS,AI,312
0.75,0.25,12813.609612070859,1625,Randomized Queue,No AI,312
0.81,0.19,15035.23752186152,1482,Randomized Queue,AI,312
0.74,0.26,12687.545806265407,1690,FCFS,No AI,313
0.64,0.36,11819.14806045914,2808,FCFS,AI,313
0.83,0.17,14236.545078711226,1105,Randomized Queue,No AI,313
0.84,0.16,15641.951737222684,1248,Randomized Queue,AI,313
0.76,0.24,13335.661587942479,1560,FCFS,No AI,314
0.66,0.34,11738.975242639108,2652,FCFS,AI,314
0.78,0.22,13916.069154032242,1430,Randomized Queue,No AI,314
0.72,0.28,13162.981143807725,2184,Randomized Queue,AI,314
0.75,0.25,12817.939445910515,1625,FCFS,No AI,315
0.6,0.4,11356.258230611145,3120,FCFS,AI,315
0.81,0.19,14125.017782075463,1235,Randomized Queue,No AI,315
0.87,0.13,16041.155868104794,1014,Randomized Queue,AI,315
0.79,0.21,13231.280478574492,1365,FCFS,No AI,316
0.67,0.33,11946.427807723545,2574,FCFS,AI,316
0.81,0.19,13808.785032629978,1235,Randomized Queue,No AI,316
0.82,0.18,15913.069724625133,1404,Randomized Queue,AI,316
0.77,0.23,13690.004046227261,1495,FCFS,No AI,317
0.68,0.32,12734.391916657334,2496,FCFS,AI,317
0.83,0.17,14929.374258660664,1105,Randomized Queue,No AI,317
0.82,0.18,14876.632172957981,1404,Randomized Queue,AI,317
0.79,0.21,13551.3006247106,1365,FCFS,No AI,318
0.64,0.36,11991.075808756894,2808,FCFS,AI,318
0.81,0.19,13562.783732876296,1235,Randomized Queue,No AI,318
0.75,0.25,14011.542531775984,1950,Randomized Queue,AI,318
0.75,0.25,12614.765845521892,1625,FCFS,No AI,319
0.61,0.39,11334.141808200682,3042,FCFS,AI,319
0.83,0.17,14226.760457631875,1105,Randomized Queue,No AI,319
0.8,0.2,15069.078098768547,1560,Randomized Queue,AI,319
0.72,0.28,12451.402877719613,1820,FCFS,No AI,320
0.58,0.42,10598.516917595509,3276,FCFS,AI,320
0.77,0.23,13396.44732630742,1495,Randomized Queue,No AI,320
0.86,0.14,15935.304840187557,1092,Randomized Queue,AI,320
0.79,0.21,14134.031173039733,1365,FCFS,No AI,321
0.64,0.36,11743.511474743918,2808,FCFS,AI,321
0.82,0.18,13573.79021683321,1170,Randomized Queue,No AI,321
0.84,0.16,15925.588169246823,1248,Randomized Queue,AI,321
0.78,0.22,13568.786430188069,1430,FCFS,No AI,322
0.62,0.38,11847.701437352456,2964,FCFS,AI,322
0.76,0.24,13197.768049870909,1560,Randomized Queue,No AI,322
0.75,0.25,14234.086448218444,1950,Randomized Queue,AI,322
0.72,0.28,12620.360667497083,1820,FCFS,No AI,323
0.61,0.39,11132.196400804525,3042,FCFS,AI,323
0.78,0.22,13669.902067901898,1430,Randomized Queue,No AI,323
0.82,0.18,15109.027608254708,1404,Randomized Queue,AI,323
0.71,0.29,11940.06577374507,1885,FCFS,No AI,324
0.63,0.37,11834.335660731453,2886,FCFS,AI,324
0.74,0.26,13179.637829949299,1690,Randomized Queue,No AI,324
0.87,0.13,16059.549859598881,1014,Randomized Queue,AI,324
0.76,0.24,13967.82031154124,1560,FCFS,No AI,325
0.69,0.31,12733.297422970783,2418,FCFS,AI,325
0.86,0.14,15397.111354668508,910,Randomized Queue,No AI,325
0.75,0.25,13425.995670104125,1950,Randomized Queue,AI,325
0.8,0.2,13508.114312928337,1300,FCFS,No AI,326
0.63,0.37,11848.583774095843,2886,FCFS,AI,326
0.75,0.25,12999.929557972493,1625,Randomized Queue,No AI,326
0.81,0.19,14578.697272639434,1482,Randomized Queue,AI,326
0.76,0.24,12828.998750794019,1560,FCFS,No AI,327
0.56,0.44,10156.917161565892,3432,FCFS,AI,327
0.84,0.16,14587.955067418061,1040,Randomized Queue,No AI,327
0.82,0.18,15435.646504770046,1404,Randomized Queue,AI,327
0.69,0.31,11569.076807948122,2015,FCFS,No AI,328
0.65,0.35,12146.558035742872,2730,FCFS,AI,328
0.82,0.18,14535.78182365154,1170,Randomized Queue,No AI,328
0.77,0.23,14286.19563156974,1794,Randomized Queue,AI,328
0.75,0.25,12968.348181157042,1625,FCFS,No AI,329
0.63,0.37,11989.552582509306,2886,FCFS,AI,329
0.76,0.24,12506.093470699852,1560,Randomized Queue,No AI,329
0.78,0.22,14267.609869999884,1716,Randomized Queue,AI,329
0.79,0.21,14651.939243112385,1365,FCFS,No AI,330
0.57,0.43,10233.771868406755,3354,FCFS,AI,330
0.82,0.18,14162.291739594722,1170,Randomized Queue,No AI,330
0.78,0.22,13669.774949667299,1716,Randomized Queue,AI,330
0.73,0.27,13080.230133776686,1755,FCFS,No AI,331
0.68,0.32,13035.599848165573,2496,FCFS,AI,331
0.8,0.2,13867.119043281858,1300,Randomized Queue,No AI,331
0.8,0.2,15576.807393367402,1560,Randomized Queue,AI,331
0.74,0.26,12734.576593593853,1690,FCFS,No AI,332
0.63,0.37,11746.810911825163,2886,FCFS,AI,332
0.78,0.22,13186.336969475242,1430,Randomized Queue,No AI,332
0.8,0.2,14722.556997440326,1560,Randomized Queue,AI,332
0.81,0.19,13783.007575289213,1235,FCFS,No AI,333
0.64,0.36,12024.922597821485,2808,FCFS,AI,333
0.79,0.21,14096.421022817647,1365,Randomized Queue,No AI,333
0.85,0.15,16309.932446990952,1170,Randomized Queue,AI,333
0.76,0.24,13243.555868174455,1560,FCFS,No AI,334
0.61,0.39,11031.838631290464,3042,FCFS,AI,334
0.79,0.21,13387.78955208377,1365,Randomized Queue,No AI,334
0.86,0.14,16073.700896173683,1092,Randomized Queue,AI,334
0.76,0.24,13450.625131017532,1560,FCFS,No AI,335
0.66,0.34,12622.612957099884,2652,FCFS,AI,335
0.75,0.25,12675.314273527183,1625,Randomized Queue,No AI,335
0.77,0.23,15153.334212561986,1794,Randomized Queue,AI,335
0.72,0.28,12618.292919333771,1820,FCFS,No AI,336
0.66,0.34,11949.295501129664,2652,FCFS,AI,336
0.74,0.26,12411.625481944358,1690,Randomized Queue,No AI,336
0.76,0.24,14445.389072338154,1872,Randomized Queue,AI,336
0.81,0.19,13377.07264651544,1235,FCFS,No AI,337
0.61,0.39,11506.979881675954,3042,FCFS,AI,337
0.74,0.26,12445.107798256713,1690,Randomized Queue,No AI,337
0.83,0.17,15658.055190441786,1326,Randomized Queue,AI,337
0.74,0.26,13074.508388595073,1690,FCFS,No AI,338
0.61,0.39,10915.370408499422,3042,FCFS,AI,338
0.74,0.26,12493.28482896565,1690,Randomized Queue,No AI,338
0.8,0.2,14638.333541166205,1560,Randomized Queue,AI,338
0.76,0.24,13271.375081371109,1560,FCFS,No AI,339
0.65,0.35,12116.959681556988,2730,FCFS,AI,339
0.8,0.2,13659.148462831647,1300,Randomized Queue,No AI,339
0.78,0.22,14377.232099669462,1716,Randomized Queue,AI,339
0.72,0.28,12344.067939721297,1820,FCFS,No AI,340
0.7,0.3,12949.638176980394,2340,FCFS,AI,340
0.8,0.2,13453.876939402584,1300,Randomized Queue,No AI,340
0.84,0.16,15193.858095628462,1248,Randomized Queue,AI,340
0.77,0.23,13227.318243909885,1495,FCFS,No AI,341
0.6,0.4,11238.297327646442,3120,FCFS,AI,341
0.79,0.21,14018.158276515269,1365,Randomized Queue,No AI,341
0.83,0.17,15938.923473576642,1326,Randomized Queue,AI,341
0.8,0.2,13937.737855747635,1300,FCFS,No AI,342
0.61,0.39,11702.53899769899,3042,FCFS,AI,342
0.78,0.22,13586.298977594824,1430,Randomized Queue,No AI,342
0.79,0.21,14516.99429707496,1638,Randomized Queue,AI,342
0.74,0.26,13000.474785305418,1690,FCFS,No AI,343
0.63,0.37,11520.518410417724,2886,FCFS,AI,343
0.82,0.18,14314.850424974422,1170,Randomized Queue,No AI,343
0.76,0.24,13974.27915140151,1872,Randomized Queue,AI,343
0.76,0.24,13086.732891062904,1560,FCFS,No AI,344
0.65,0.35,11980.627312553554,2730,FCFS,AI,344
0.79,0.21,13874.398764227644,1365,Randomized Queue,No AI,344
0.85,0.15,15717.954546790153,1170,Randomized Queue,AI,344
0.77,0.23,13187.855950679234,1495,FCFS,No AI,345
0.66,0.34,12000.56650965106,2652,FCFS,AI,345
0.82,0.18,14171.006153202728,1170,Randomized Queue,No AI,345
0.81,0.19,15639.557640567013,1482,Randomized Queue,AI,345
0.78,0.22,13523.004569641718,1430,FCFS,No AI,346
0.67,0.33,12090.614970841969,2574,FCFS,AI,346
0.79,0.21,13356.814736226735,1365,Randomized Queue,No AI,346
0.81,0.19,15341.780195481488,1482,Randomized Queue,AI,346
0.72,0.28,12565.445835152645,1820,FCFS,No AI,347
0.66,0.34,11557.654434408478,2652,FCFS,AI,347
0.78,0.22,13504.65541041126,1430,Randomized Queue,No AI,347
0.82,0.18,15968.793755063774,1404,Randomized Queue,AI,347
0.76,0.24,13462.224252141541,1560,FCFS,No AI,348
0.65,0.35,12342.695986826726,2730,FCFS,AI,348
0.86,0.14,15047.934710739684,910,Randomized Queue,No AI,348
0.85,0.15,16301.0588522836,1170,Randomized Queue,AI,348
0.76,0.24,13183.666710486641,1560,FCFS,No AI,349
0.65,0.35,11505.954141346467,2730,FCFS,AI,349
0.79,0.21,13009.69028634192,1365,Randomized Queue,No AI,349
0.79,0.21,14858.654664004607,1638,Randomized Queue,AI,349
0.74,0.26,12304.920720160802,1690,FCFS,No AI,350
0.68,0.32,11874.927120375996,2496,FCFS,AI,350
0.78,0.22,13618.171735662727,1430,Randomized Queue,No AI,350
0.81,0.19,15062.692902723345,1482,Randomized Queue,AI,350
0.72,0.28,12492.327026382187,1820,FCFS,No AI,351
0.62,0.38,11190.865868995752,2964,FCFS,AI,351
0.78,0.22,13194.61075203232,1430,Randomized Queue,No AI,351
0.77,0.23,14851.886808816153,1794,Randomized Queue,AI,351
0.79,0.21,13452.307557466309,1365,FCFS,No AI,352
0.59,0.41,11081.700928903207,3198,FCFS,AI,352
0.79,0.21,13450.278777857513,1365,Randomized Queue,No AI,352
0.85,0.15,16234.067691920744,1170,Randomized Queue,AI,352
0.72,0.28,12880.307621624223,1820,FCFS,No AI,353
0.65,0.35,11932.769425349166,2730,FCFS,AI,353
0.78,0.22,13151.852408220573,1430,Randomized Queue,No AI,353
0.82,0.18,15402.49564459668,1404,Randomized Queue,AI,353
0.75,0.25,13376.795436531596,1625,FCFS,No AI,354
0.65,0.35,12117.672314612524,2730,FCFS,AI,354
0.8,0.2,14306.834970359665,1300,Randomized Queue,No AI,354
0.76,0.24,14026.278787718451,1872,Randomized Queue,AI,354
0.69,0.31,11674.40017431217,2015,FCFS,No AI,355
0.6,0.4,10839.373859578647,3120,FCFS,AI,355
0.78,0.22,14018.673099303496,1430,Randomized Queue,No AI,355
0.75,0.25,13858.837962588606,1950,Randomized Queue,AI,355
0.75,0.25,13401.918377761785,1625,FCFS,No AI,356
0.65,0.35,12037.435051082926,2730,FCFS,AI,356
0.81,0.19,14174.367871459926,1235,Randomized Queue,No AI,356
0.75,0.25,14306.750520922758,1950,Randomized Queue,AI,356
0.7,0.3,11626.060676337644,1950,FCFS,No AI,357
0.6,0.4,11339.799263590217,3120,FCFS,AI,357
0.82,0.18,14214.340386358515,1170,Randomized Queue,No AI,357
0.8,0.2,14766.741088840186,1560,Randomized Queue,AI,357
0.76,0.24,12948.866711890763,1560,FCFS,No AI,358
0.68,0.32,12357.907235780258,2496,FCFS,AI,358
0.82,0.18,14457.422284438106,1170,Randomized Queue,No AI,358
0.81,0.19,14561.216302772642,1482,Randomized Queue,AI,358
0.76,0.24,12809.250592278928,1560,FCFS,No AI,359
0.7,0.3,12403.548074416703,2340,FCFS,AI,359
0.76,0.24,12682.433232270538,1560,Randomized Queue,No AI,359
0.8,0.2,14864.859745988226,1560,Randomized Queue,AI,359
0.73,0.27,12598.556639388018,1755,FCFS,No AI,360
0.64,0.36,12058.99574108807,2808,FCFS,AI,360
0.79,0.21,13808.733005349603,1365,Randomized Queue,No AI,360
0.77,0.23,14659.098968636763,1794,Randomized Queue,AI,360
0.74,0.26,12427.018263072197,1690,FCFS,No AI,361
0.66,0.34,12164.891482665307,2652,FCFS,AI,361
0.82,0.18,14322.046925603123,1170,Randomized Queue,No AI,361
0.78,0.22,13690.688994061913,1716,Randomized Queue,AI,361
0.75,0.25,12730.512421598027,1625,FCFS,No AI,362
0.63,0.37,11573.621886377727,2886,FCFS,AI,362
0.83,0.17,13991.775753213613,1105,Randomized Queue,No AI,362
0.77,0.23,14791.942125426158,1794,Randomized Queue,AI,362
0.77,0.23,14013.626035490934,1495,FCFS,No AI,363
0.61,0.39,11288.760328595916,3042,FCFS,AI,363
0.79,0.21,13787.131050430055,1365,Randomized Queue,No AI,363
0.74,0.26,13705.7274855845,2028,Randomized Queue,AI,363
0.75,0.25,13185.802312179401,1625,FCFS,No AI,364
0.66,0.34,12222.045160831032,2652,FCFS,AI,364
0.79,0.21,13536.513673266656,1365,Randomized Queue,No AI,364
0.76,0.24,13679.59460002403,1872,Randomized Queue,AI,364
0.77,0.23,12870.053602831915,1495,FCFS,No AI,365
0.66,0.34,11980.571706830486,2652,FCFS,AI,365
0.84,0.16,15167.59478228589,1040,Randomized Queue,No AI,365
0.78,0.22,14061.467216473982,1716,Randomized Queue,AI,365
0.77,0.23,13243.19616235319,1495,FCFS,No AI,366
0.67,0.33,12670.755586221883,2574,FCFS,AI,366
0.79,0.21,13398.279557004807,1365,Randomized Queue,No AI,366
0.75,0.25,14377.60855038766,1950,Randomized Queue,AI,366
0.75,0.25,12576.471896443129,1625,FCFS,No AI,367
0.61,0.39,11582.707579435419,3042,FCFS,AI,367
0.78,0.22,13201.15386875854,1430,Randomized Queue,No AI,367
0.79,0.21,14394.791236503821,1638,Randomized Queue,AI,367
0.76,0.24,12920.139962730249,1560,FCFS,No AI,368
0.62,0.38,11353.073994830374,2964,FCFS,AI,368
0.83,0.17,14123.002558838494,1105,Randomized Queue,No AI,368
0.79,0.21,14554.148867509171,1638,Randomized Queue,AI,368
0.78,0.22,13269.12307203221,1430,FCFS,No AI,369
0.6,0.4,10803.321083323386,3120,FCFS,AI,369
0.82,0.18,14294.354596571822,1170,Randomized Queue,No AI,369
0.78,0.22,14822.923746700382,1716,Randomized Queue,AI,369
0.72,0.28,11716.554413151836,1820,FCFS,No AI,370
0.64,0.36,11785.853340473115,2808,FCFS,AI,370
0.78,0.22,13495.600018000188,1430,Randomized Queue,No AI,370
0.79,0.21,14866.717821004087,1638,Randomized Queue,AI,370
0.75,0.25,12885.013346814978,1625,FCFS,No AI,371
0.65,0.35,11596.529987644906,2730,FCFS,AI,371
0.82,0.18,14327.067229482182,1170,Randomized Queue,No AI,371
0.84,0.16,15548.359086481927,1248,Randomized Queue,AI,371
0.74,0.26,12726.997964594138,1690,FCFS,No AI,372
0.62,0.38,11698.079087332988,2964,FCFS,AI,372
0.75,0.25,13233.584258609317,1625,Randomized Queue,No AI,372
0.77,0.23,13950.806455403837,1794,Randomized Queue,AI,372
0.7,0.3,12008.557531781002,1950,FCFS,No AI,373
0.67,0.33,12158.50105414011,2574,FCFS,AI,373
0.86,0.14,15250.329979512873,910,Randomized Queue,No AI,373
0.81,0.19,15071.77157872544,1482,Randomized Queue,AI,373
0.78,0.22,13974.30831138875,1430,FCFS,No AI,374
0.66,0.34,12667.325582197607,2652,FCFS,AI,374
0.81,0.19,13269.77284729207,1235,Randomized Queue,No AI,374
0.75,0.25,13674.806160823933,1950,Randomized Queue,AI,374
0.68,0.32,11897.069819492937,2080,FCFS,No AI,375
0.65,0.35,11835.054789000576,2730,FCFS,AI,375
0.76,0.24,13333.612149541512,1560,Randomized Queue,No AI,375
0.79,0.21,14402.405764737126,1638,Randomized Queue,AI,375
0.78,0.22,13240.713402312434,1430,FCFS,No AI,376
0.62,0.38,12058.244256607819,2964,FCFS,AI,376
0.75,0.25,12856.751739042593,1625,Randomized Queue,No AI,376
0.79,0.21,15038.395326711681,1638,Randomized Queue,AI,376
0.73,0.27,12699.148936815944,1755,FCFS,No AI,377
0.65,0.35,11680.095413447294,2730,FCFS,AI,377
0.8,0.2,13608.201203726418,1300,Randomized Queue,No AI,377
0.76,0.24,14195.78990884659,1872,Randomized Queue,AI,377
0.7,0.3,11982.569974928601,1950,FCFS,No AI,378
0.63,0.37,11684.983361189621,2886,FCFS,AI,378
0.83,0.17,14697.790627177475,1105,Randomized Queue,No AI,378
0.77,0.23,13776.997021628566,1794,Randomized Queue,AI,378
0.79,0.21,12980.684557199844,1365,FCFS,No AI,379
0.6,0.4,11300.26566237019,3120,FCFS,AI,379
0.86,0.14,14802.812514689602,910,Randomized Queue,No AI,379
0.8,0.2,14508.823377004908,1560,Randomized Queue,AI,379
0.78,0.22,13782.348777981066,1430,FCFS,No AI,380
0.65,0.35,12235.952380612169,2730,FCFS,AI,380
0.8,0.2,14492.483584883106,1300,Randomized Queue,No AI,380
0.84,0.16,15877.641134108522,1248,Randomized Queue,AI,380
0.8,0.2,13587.92975533798,1300,FCFS,No AI,381
0.61,0.39,11440.478720949915,3042,FCFS,AI,381
0.82,0.18,14284.313518972865,1170,Randomized Queue,No AI,381
0.81,0.19,15302.034413127816,1482,Randomized Queue,AI,381
0.78,0.22,13855.269622393087,1430,FCFS,No AI,382
0.64,0.36,11780.586035068856,2808,FCFS,AI,382
0.79,0.21,13876.340568000216,1365,Randomized Queue,No AI,382
0.74,0.26,13486.778146845443,2028,Randomized Queue,AI,382
0.74,0.26,12773.303740996276,1690,FCFS,No AI,383
0.64,0.36,11917.423375146318,2808,FCFS,AI,383
0.8,0.2,13923.508845966087,1300,Randomized Queue,No AI,383
0.75,0.25,13647.155217215079,1950,Randomized Queue,AI,383
0.77,0.23,13832.346760455805,1495,FCFS,No AI,384
0.63,0.37,11449.76699618515,2886,FCFS,AI,384
0.82,0.18,14348.77492478276,1170,Randomized Queue,No AI,384
0.81,0.19,15534.25360720192,1482,Randomized Queue,AI,384
0.77,0.23,13644.518138927664,1495,FCFS,No AI,385
0.65,0.35,12272.31787169904,2730,FCFS,AI,385
0.77,0.23,13471.904594671283,1495,Randomized Queue,No AI,385
0.79,0.21,14355.735451476292,1638,Randomized Queue,AI,385
0.74,0.26,12265.362526607316,1690,FCFS,No AI,386
0.65,0.35,12531.117723217403,2730,FCFS,AI,386
0.79,0.21,13441.760415972316,1365,Randomized Queue,No AI,386
0.8,0.2,14338.365043653695,1560,Randomized Queue,AI,386
0.74,0.26,12530.389721470896,1690,FCFS,No AI,387
0.61,0.39,11669.416910623,3042,FCFS,AI,387
0.8,0.2,14132.276709019949,1300,Randomized Queue,No AI,387
0.81,0.19,14908.343293098435,1482,Randomized Queue,AI,387
0.78,0.22,14133.926596392472,1430,FCFS,No AI,388
0.61,0.39,11573.901345500679,3042,FCFS,AI,388
0.82,0.18,14454.916997250968,1170,Randomized Queue,No AI,388
0.8,0.2,14659.645511470342,1560,Randomized Queue,AI,388
0.79,0.21,13893.2074389245,1365,FCFS,No AI,389
0.63,0.37,11291.819742124939,2886,FCFS,AI,389
0.73,0.27,12687.40958200505,1755,Randomized Queue,No AI,389
0.71,0.29,12749.041397617617,2262,Randomized Queue,AI,389
0.75,0.25,12891.023186904142,1625,FCFS,No AI,390
0.64,0.36,11531.109013037756,2808,FCFS,AI,390
0.82,0.18,14933.497633066134,1170,Randomized Queue,No AI,390
0.76,0.24,14365.83809497627,1872,Randomized Queue,AI,390
0.74,0.26,13183.510438283161,1690,FCFS,No AI,391
0.65,0.35,11465.345841979142,2730,FCFS,AI,391
0.77,0.23,13568.429665732541,1495,Randomized Queue,No AI,391
0.78,0.22,14081.383715890695,1716,Randomized Queue,AI,391
0.74,0.26,12621.56137444424,1690,FCFS,No AI,392
0.62,0.38,11844.658404456599,2964,FCFS,AI,392
0.79,0.21,13747.488265026956,1365,Randomized Queue,No AI,392
0.76,0.24,14425.634013760864,1872,Randomized Queue,AI,392
0.73,0.27,12427.533567973518,1755,FCFS,No AI,393
0.63,0.37,11714.120670457012,2886,FCFS,AI,393
0.78,0.22,13618.588037375846,1430,Randomized Queue,No AI,393
0.81,0.19,15803.062541537452,1482,Randomized Queue,AI,393
0.7,0.3,12266.039242941257,1950,FCFS,No AI,394
0.7,0.3,12862.22614353096,2340,FCFS,AI,394
0.81,0.19,14147.710069505994,1235,Randomized Queue,No AI,394
0.74,0.26,13452.222494839587,2028,Randomized Queue,AI,394
0.78,0.22,13683.929781470471,1430,FCFS,No AI,395
0.63,0.37,11513.8042150415,2886,FCFS,AI,395
0.78,0.22,13105.588252627409,1430,Randomized Queue,No AI,395
0.81,0.19,15162.266693612139,1482,Randomized Queue,AI,395
0.76,0.24,13504.794274801603,1560,FCFS,No AI,396
0.64,0.36,12267.264182380768,2808,FCFS,AI,396
0.8,0.2,13813.084171896495,1300,Randomized Queue,No AI,396
0.79,0.21,14263.099573026375,1638,Randomized Queue,AI,396
0.73,0.27,12058.739356185297,1755,FCFS,No AI,397
0.61,0.39,11544.771350350044,3042,FCFS,AI,397
0.83,0.17,14049.720133378993,1105,Randomized Queue,No AI,397
0.8,0.2,15038.057787916054,1560,Randomized Queue,AI,397
0.71,0.29,11715.806264707864,1885,FCFS,No AI,398
0.59,0.41,11214.57987874047,3198,FCFS,AI,398
0.82,0.18,15179.329335766528,1170,Randomized Queue,No AI,398
0.79,0.21,14452.29088385041,1638,Randomized Queue,AI,398
0.8,0.2,14073.738328731726,1300,FCFS,No AI,399
0.65,0.35,11898.764626581806,2730,FCFS,AI,399
0.77,0.23,13814.618378658704,1495,Randomized Queue,No AI,399
0.8,0.2,14798.466345449438,1560,Randomized Queue,AI,399
0.84,0.16,15234.104040433584,1040,FCFS,No AI,400
0.67,0.33,12812.78241043448,2574,FCFS,AI,400
0.77,0.23,13086.583324966898,1495,Randomized Queue,No AI,400
0.81,0.19,15122.474017350223,1482,Randomized Queue,AI,400
0.73,0.27,12475.54546091118,1755,FCFS,No AI,401
0.64,0.36,11715.07911416735,2808,FCFS,AI,401
0.84,0.16,14920.774099284097,1040,Randomized Queue,No AI,401
0.8,0.2,15074.713213833118,1560,Randomized Queue,AI,401
0.76,0.24,13638.321286479075,1560,FCFS,No AI,402
0.63,0.37,11973.146246423135,2886,FCFS,AI,402
0.8,0.2,13504.960495622588,1300,Randomized Queue,No AI,402
0.8,0.2,14790.169800591131,1560,Randomized Queue,AI,402
0.81,0.19,14268.448403250355,1235,FCFS,No AI,403
0.65,0.35,11875.690068107524,2730,FCFS,AI,403
0.77,0.23,13212.792630202981,1495,Randomized Queue,No AI,403
0.77,0.23,14600.997497007189,1794,Randomized Queue,AI,403
0.73,0.27,12681.769806533011,1755,FCFS,No AI,404
0.63,0.37,11901.23690381512,2886,FCFS,AI,404
0.75,0.25,12370.63104345489,1625,Randomized Queue,No AI,404
0.79,0.21,14260.343298224183,1638,Randomized Queue,AI,404
0.77,0.23,12705.557648145614,1495,FCFS,No AI,405
0.62,0.38,11995.678129211088,2964,FCFS,AI,405
0.73,0.27,12600.85302660633,1755,Randomized Queue,No AI,405
0.82,0.18,15216.540745174603,1404,Randomized Queue,AI,405
0.76,0.24,13182.203371620924,1560,FCFS,No AI,406
0.65,0.35,12188.908005034691,2730,FCFS,AI,406
0.78,0.22,13539.286572378414,1430,Randomized Queue,No AI,406
0.78,0.22,14083.26263380277,1716,Randomized Queue,AI,406
0.73,0.27,12815.49225642176,1755,FCFS,No AI,407
0.64,0.36,11530.914108637387,2808,FCFS,AI,407
0.77,0.23,13543.947470697261,1495,Randomized Queue,No AI,407
0.82,0.18,15270.388767550863,1404,Randomized Queue,AI,407
0.73,0.27,12281.078619410953,1755,FCFS,No AI,408
0.67,0.33,12487.46070423229,2574,FCFS,AI,408
0.86,0.14,15080.482854087562,910,Randomized Queue,No AI,408
0.82,0.18,15777.098876356773,1404,Randomized Queue,AI,408
0.8,0.2,14280.353127843475,1300,FCFS,No AI,409
0.64,0.36,11595.76067482576,2808,FCFS,AI,409
0.79,0.21,13456.296557714535,1365,Randomized Queue,No AI,409
0.79,0.21,14940.3041360607,1638,Randomized Queue,AI,409
0.74,0.26,13326.296274788723,1690,FCFS,No AI,410
0.63,0.37,12674.841934590226,2886,FCFS,AI,410
0.8,0.2,14123.21849688857,1300,Randomized Queue,No AI,410
0.75,0.25,14109.39443618538,1950,Randomized Queue,AI,410
0.8,0.2,13584.037176767848,1300,FCFS,No AI,411
0.59,0.41,10921.871283615445,3198,FCFS,AI,411
0.81,0.19,14176.438343934733,1235,Randomized Queue,No AI,411
0.84,0.16,14939.911260406245,1248,Randomized Queue,AI,411
0.76,0.24,12840.44447225158,1560,FCFS,No AI,412
0.72,0.28,13306.572700037388,2184,FCFS,AI,412
0.78,0.22,13338.96415445299,1430,Randomized Queue,No AI,412
0.83,0.17,16034.191034112688,1326,Randomized Queue,AI,412
0.73,0.27,13127.65901026007,1755,FCFS,No AI,413
0.61,0.39,11597.501570643322,3042,FCFS,AI,413
0.81,0.19,14674.175514588887,1235,Randomized Queue,No AI,413
0.77,0.23,14184.212175480325,1794,Randomized Queue,AI,413
0.76,0.24,13296.854795297695,1560,FCFS,No AI,414
0.63,0.37,12018.964516047998,2886,FCFS,AI,414
0.86,0.14,14958.268731578217,910,Randomized Queue,No AI,414
0.79,0.21,14466.979672794736,1638,Randomized Queue,AI,414
0.73,0.27,12374.093806904322,1755,FCFS,No AI,415
0.6,0.4,10922.013041304122,3120,FCFS,AI,415
0.78,0.22,13104.9632994227,1430,Randomized Queue,No AI,415
0.77,0.23,14311.305950233826,1794,Randomized Queue,AI,415
0.72,0.28,12644.030008422302,1820,FCFS,No AI,416
0.67,0.33,13087.058308606585,2574,FCFS,AI,416
0.85,0.15,14397.822425151482,975,Randomized Queue,No AI,416
0.89,0.11,17302.277596366897,858,Randomized Queue,AI,416
0.8,0.2,14020.049534666807,1300,FCFS,No AI,417
0.64,0.36,11897.918594739913,2808,FCFS,AI,417
0.79,0.21,13266.432937396265,1365,Randomized Queue,No AI,417
0.77,0.23,14526.24532370668,1794,Randomized Queue,AI,417
0.79,0.21,13506.177379090896,1365,FCFS,No AI,418
0.62,0.38,11231.875708966494,2964,FCFS,AI,418
0.86,0.14,14336.71757219604,910,Randomized Queue,No AI,418
0.87,0.13,16030.537324750463,1014,Randomized Queue,AI,418
0.75,0.25,13199.34951062046,1625,FCFS,No AI,419
0.63,0.37,11611.946851916762,2886,FCFS,AI,419
0.81,0.19,14565.26348157288,1235,Randomized Queue,No AI,419
0.88,0.12,16848.40068034344,936,Randomized Queue,AI,419
0.77,0.23,12854.362193563817,1495,FCFS,No AI,420
0.64,0.36,11591.970839204438,2808,FCFS,AI,420
0.75,0.25,13061.684423681958,1625,Randomized Queue,No AI,420
0.76,0.24,14150.898746728553,1872,Randomized Queue,AI,420
0.82,0.18,14294.533714099678,1170,FCFS,No AI,421
0.67,0.33,12134.14190539868,2574,FCFS,AI,421
0.81,0.19,13947.559539606982,1235,Randomized Queue,No AI,421
0.73,0.27,13806.325592179193,2106,Randomized Queue,AI,421
0.77,0.23,13381.522079254712,1495,FCFS,No AI,422
0.64,0.36,11699.660620454062,2808,FCFS,AI,422
0.85,0.15,14929.54400054005,975,Randomized Queue,No AI,422
0.83,0.17,15512.509440792677,1326,Randomized Queue,AI,422
0.75,0.25,13249.157028896667,1625,FCFS,No AI,423
0.66,0.34,12663.63623152136,2652,FCFS,AI,423
0.81,0.19,14151.33902754504,1235,Randomized Queue,No AI,423
0.79,0.21,15099.553530708263,1638,Randomized Queue,AI,423
0.75,0.25,13345.077749805108,1625,FCFS,No AI,424
0.62,0.38,11586.478113735366,2964,FCFS,AI,424
0.85,0.15,14482.446170524103,975,Randomized Queue,No AI,424
0.81,0.19,15203.372999205963,1482,Randomized Queue,AI,424
0.83,0.17,14299.857148988809,1105,FCFS,No AI,425
0.64,0.36,12315.18458743719,2808,FCFS,AI,425
0.76,0.24,13206.348578246982,1560,Randomized Queue,No AI,425
0.86,0.14,15900.433658552183,1092,Randomized Queue,AI,425
0.75,0.25,13347.972312295864,1625,FCFS,No AI,426
0.66,0.34,12680.265865471674,2652,FCFS,AI,426
0.8,0.2,13827.863323769845,1300,Randomized Queue,No AI,426
0.84,0.16,15946.174730669303,1248,Randomized Queue,AI,426
0.72,0.28,11576.105697308905,1820,FCFS,No AI,427
0.66,0.34,12066.911263612423,2652,FCFS,AI,427
0.78,0.22,13625.821067090963,1430,Randomized Queue,No AI,427
0.79,0.21,14842.801146916197,1638,Randomized Queue,AI,427
0.78,0.22,13799.506016738873,1430,FCFS,No AI,428
0.63,0.37,11394.980634804686,2886,FCFS,AI,428
0.79,0.21,13916.186910370605,1365,Randomized Queue,No AI,428
0.8,0.2,14580.218272400343,1560,Randomized Queue,AI,428
0.73,0.27,12528.545727071922,1755,FCFS,No AI,429
0.67,0.33,12546.039833894594,2574,FCFS,AI,429
0.81,0.19,14121.558060777406,1235,Randomized Queue,No AI,429
0.82,0.18,15474.755281449361,1404,Randomized Queue,AI,429
0.76,0.24,12470.556494448489,1560,FCFS,No AI,430
0.64,0.36,12090.630989212066,2808,FCFS,AI,430
0.82,0.18,14685.662952545945,1170,Randomized Queue,No AI,430
0.83,0.17,15564.78545348463,1326,Randomized Queue,AI,430
0.73,0.27,12655.589381720496,1755,FCFS,No AI,431
0.66,0.34,12058.733056461891,2652,FCFS,AI,431
0.79,0.21,13766.330542816248,1365,Randomized Queue,No AI,431
0.77,0.23,13924.68312408119,1794,Randomized Queue,AI,431
0.74,0.26,12433.926586094394,1690,FCFS,No AI,432
0.63,0.37,12028.147486027761,2886,FCFS,AI,432
0.85,0.15,15926.138814837133,975,Randomized Queue,No AI,432
0.85,0.15,15899.671058557711,1170,Randomized Queue,AI,432
0.82,0.18,14032.86009740715,1170,FCFS,No AI,433
0.62,0.38,11397.646769193681,2964,FCFS,AI,433
0.8,0.2,13586.833377860812,1300,Randomized Queue,No AI,433
0.77,0.23,14496.074675451388,1794,Randomized Queue,AI,433
0.79,0.21,14171.398957842886,1365,FCFS,No AI,434
0.63,0.37,11173.89934267731,2886,FCFS,AI,434
0.8,0.2,14412.670498426905,1300,Randomized Queue,No AI,434
0.78,0.22,14863.34275423919,1716,Randomized Queue,AI,434
0.82,0.18,14166.608186514068,1170,FCFS,No AI,435
0.66,0.34,12813.153962422606,2652,FCFS,AI,435
0.82,0.18,14319.89149076272,1170,Randomized Queue,No AI,435
0.74,0.26,13527.352002803798,2028,Randomized Queue,AI,435
0.77,0.23,13904.601694477777,1495,FCFS,No AI,436
0.68,0.32,13026.656955142003,2496,FCFS,AI,436
0.86,0.14,15341.434753741472,910,Randomized Queue,No AI,436
0.78,0.22,14193.909731944135,1716,Randomized Queue,AI,436
0.72,0.28,12621.36016528738,1820,FCFS,No AI,437
0.65,0.35,12377.831341222587,2730,FCFS,AI,437
0.85,0.15,14319.368522171651,975,Randomized Queue,No AI,437
0.69,0.31,12785.151534240731,2418,Randomized Queue,AI,437
0.72,0.28,12263.95442407118,1820,FCFS,No AI,438
0.65,0.35,12005.855865899111,2730,FCFS,AI,438
0.83,0.17,14284.628779396739,1105,Randomized Queue,No AI,438
0.74,0.26,13742.321526269341,2028,Randomized Queue,AI,438
0.81,0.19,14144.165518121634,1235,FCFS,No AI,439
0.64,0.36,12088.708619645364,2808,FCFS,AI,439
0.76,0.24,13721.130312975247,1560,Randomized Queue,No AI,439
0.75,0.25,14493.79727542046,1950,Randomized Queue,AI,439
0.76,0.24,13642.364612368516,1560,FCFS,No AI,440
0.67,0.33,11917.773822099316,2574,FCFS,AI,440
0.8,0.2,13829.30030464961,1300,Randomized Queue,No AI,440
0.78,0.22,14080.72175648692,1716,Randomized Queue,AI,440
0.74,0.26,13126.75031403843,1690,FCFS,No AI,441
0.69,0.31,12592.252396068174,2418,FCFS,AI,441
0.82,0.18,15016.273891451408,1170,Randomized Queue,No AI,441
0.76,0.24,14002.686203918121,1872,Randomized Queue,AI,441
0.72,0.28,11570.85361596342,1820,FCFS,No AI,442
0.68,0.32,12526.492018521862,2496,FCFS,AI,442
0.76,0.24,13441.105005270725,1560,Randomized Queue,No AI,442
0.76,0.24,13923.734946645729,1872,Randomized Queue,AI,442
0.73,0.27,13147.390826660683,1755,FCFS,No AI,443
0.69,0.31,12878.896606126656,2418,FCFS,AI,443
0.82,0.18,14408.239429110808,1170,Randomized Queue,No AI,443
0.81,0.19,15257.674010223727,1482,Randomized Queue,AI,443
0.77,0.23,13166.520611491807,1495,FCFS,No AI,444
0.63,0.37,12224.612015860954,2886,FCFS,AI,444
0.79,0.21,13946.45903060716,1365,Randomized Queue,No AI,444
0.8,0.2,14389.127600615717,1560,Randomized Queue,AI,444
0.76,0.24,12957.020263070946,1560,FCFS,No AI,445
0.64,0.36,12095.446289770207,2808,FCFS,AI,445
0.84,0.16,14834.232495528537,1040,Randomized Queue,No AI,445
0.81,0.19,15376.245018575572,1482,Randomized Queue,AI,445
0.77,0.23,14011.005138235378,1495,FCFS,No AI,446
0.63,0.37,11525.951229152724,2886,FCFS,AI,446
0.76,0.24,13846.33645264189,1560,Randomized Queue,No AI,446
0.81,0.19,15638.111281473271,1482,Randomized Queue,AI,446
0.75,0.25,12568.031847977802,1625,FCFS,No AI,447
0.66,0.34,12468.181275920348,2652,FCFS,AI,447
0.78,0.22,13505.139139981606,1430,Randomized Queue,No AI,447
0.83,0.17,15398.82614808383,1326,Randomized Queue,AI,447
0.77,0.23,13170.490846581033,1495,FCFS,No AI,448
0.61,0.39,11343.126806696999,3042,FCFS,AI,448
0.78,0.22,13440.032592542913,1430,Randomized Queue,No AI,448
0.69,0.31,12670.267861800234,2418,Randomized Queue,AI,448
0.72,0.28,12327.036816515772,1820,FCFS,No AI,449
0.7,0.3,13162.970069840092,2340,FCFS,AI,449
0.86,0.14,14497.363095284745,910,Randomized Queue,No AI,449
0.79,0.21,14260.709811161845,1638,Randomized Queue,AI,449
0.72,0.28,12274.271607809507,1820,FCFS,No AI,450
0.6,0.4,10863.130284779305,3120,FCFS,AI,450
0.78,0.22,13283.532795515903,1430,Randomized Queue,No AI,450
0.78,0.22,14694.159475650064,1716,Randomized Queue,AI,450
0.7,0.3,12309.823277567753,1950,FCFS,No AI,451
0.65,0.35,11917.476859920871,2730,FCFS,AI,451
0.79,0.21,13359.440836172771,1365,Randomized Queue,No AI,451
0.79,0.21,14721.721118406174,1638,Randomized Queue,AI,451
0.77,0.23,13860.274908471778,1495,FCFS,No AI,452
0.62,0.38,11678.767027817727,2964,FCFS,AI,452
0.79,0.21,13481.214620231216,1365,Randomized Queue,No AI,452
0.79,0.21,14866.362526505085,1638,Randomized Queue,AI,452
0.76,0.24,13283.213964520817,1560,FCFS,No AI,453
0.59,0.41,10825.62281643775,3198,FCFS,AI,453
0.82,0.18,13973.642237628512,1170,Randomized Queue,No AI,453
0.78,0.22,14402.041830249149,1716,Randomized Queue,AI,453
0.76,0.24,12554.595866795946,1560,FCFS,No AI,454
0.69,0.31,13336.763348805716,2418,FCFS,AI,454
0.78,0.22,13786.5570509439,1430,Randomized Queue,No AI,454
0.84,0.16,15747.337269544507,1248,Randomized Queue,AI,454
0.76,0.24,13025.352430029112,1560,FCFS,No AI,455
0.62,0.38,11692.917568867702,2964,FCFS,AI,455
0.81,0.19,13539.0684995829,1235,Randomized Queue,No AI,455
0.83,0.17,15261.58196671068,1326,Randomized Queue,AI,455
0.77,0.23,13769.00425161305,1495,FCFS,No AI,456
0.61,0.39,12159.555727552905,3042,FCFS,AI,456
0.72,0.28,12170.263796561605,1820,Randomized Queue,No AI,456
0.83,0.17,15895.704490386492,1326,Randomized Queue,AI,456
0.73,0.27,12807.101087534018,1755,FCFS,No AI,457
0.65,0.35,11855.761422594609,2730,FCFS,AI,457
0.76,0.24,13246.714871509022,1560,Randomized Queue,No AI,457
0.83,0.17,15677.703061288534,1326,Randomized Queue,AI,457
0.75,0.25,13066.178525048603,1625,FCFS,No AI,458
0.69,0.31,12911.884529097617,2418,FCFS,AI,458
0.81,0.19,14341.77512028493,1235,Randomized Queue,No AI,458
0.83,0.17,14912.94882955968,1326,Randomized Queue,AI,458
0.78,0.22,13784.615295690239,1430,FCFS,No AI,459
0.64,0.36,11555.942462684838,2808,FCFS,AI,459
0.75,0.25,13279.668859524725,1625,Randomized Queue,No AI,459
0.82,0.18,15330.635074063228,1404,Randomized Queue,AI,459
0.76,0.24,13358.964289433472,1560,FCFS,No AI,460
0.69,0.31,12781.90742451794,2418,FCFS,AI,460
0.84,0.16,14888.46791572077,1040,Randomized Queue,No AI,460
0.84,0.16,15402.84502001163,1248,Randomized Queue,AI,460
0.8,0.2,13962.111317060451,1300,FCFS,No AI,461
0.63,0.37,11983.255192071992,2886,FCFS,AI,461
0.79,0.21,13798.337996790637,1365,Randomized Queue,No AI,461
0.85,0.15,16111.137431637322,1170,Randomized Queue,AI,461
0.73,0.27,12605.420388687391,1755,FCFS,No AI,462
0.7,0.3,12809.30154245273,2340,FCFS,AI,462
0.82,0.18,14296.353054449302,1170,Randomized Queue,No AI,462
0.85,0.15,15783.463730128036,1170,Randomized Queue,AI,462
0.79,0.21,13839.019406191283,1365,FCFS,No AI,463
0.62,0.38,11424.074310021806,2964,FCFS,AI,463
0.78,0.22,13924.098679974015,1430,Randomized Queue,No AI,463
0.79,0.21,14626.938037553226,1638,Randomized Queue,AI,463
0.72,0.28,12823.368456901928,1820,FCFS,No AI,464
0.69,0.31,12405.727787812588,2418,FCFS,AI,464
0.77,0.23,13535.182627221518,1495,Randomized Queue,No AI,464
0.8,0.2,14650.63642745622,1560,Randomized Queue,AI,464
0.75,0.25,12896.820066713872,1625,FCFS,No AI,465
0.65,0.35,12405.968247036273,2730,FCFS,AI,465
0.78,0.22,13185.815360115837,1430,Randomized Queue,No AI,465
0.83,0.17,15362.708434174454,1326,Randomized Queue,AI,465
0.76,0.24,12998.357854248656,1560,FCFS,No AI,466
0.66,0.34,12414.242201150124,2652,FCFS,AI,466
0.79,0.21,14142.914813268048,1365,Randomized Queue,No AI,466
0.81,0.19,15600.261817474357,1482,Randomized Queue,AI,466
0.77,0.23,13180.987157088895,1495,FCFS,No AI,467
0.67,0.33,12596.643296507144,2574,FCFS,AI,467
0.8,0.2,13599.923243916533,1300,Randomized Queue,No AI,467
0.83,0.17,15234.734862254967,1326,Randomized Queue,AI,467
0.78,0.22,13932.794866383929,1430,FCFS,No AI,468
0.64,0.36,11961.439466633283,2808,FCFS,AI,468
0.8,0.2,13244.514271725335,1300,Randomized Queue,No AI,468
0.79,0.21,14505.437534726621,1638,Randomized Queue,AI,468
0.72,0.28,12176.30054155726,1820,FCFS,No AI,469
0.65,0.35,11819.40967272382,2730,FCFS,AI,469
0.74,0.26,12215.533500826743,1690,Randomized Queue,No AI,469
0.81,0.19,15643.148772127699,1482,Randomized Queue,AI,469
0.73,0.27,11901.456945520582,1755,FCFS,No AI,470
0.62,0.38,11430.232104116205,2964,FCFS,AI,470
0.86,0.14,15122.922740395805,910,Randomized Queue,No AI,470
0.85,0.15,15236.960260360405,1170,Randomized Queue,AI,470
0.71,0.29,12636.773585813582,1885,FCFS,No AI,471
0.68,0.32,13366.833663978388,2496,FCFS,AI,471
0.85,0.15,15103.125610398423,975,Randomized Queue,No AI,471
0.81,0.19,15015.823751649848,1482,Randomized Queue,AI,471
0.76,0.24,12902.743580015804,1560,FCFS,No AI,472
0.63,0.37,11787.597455470786,2886,FCFS,AI,472
0.86,0.14,14533.641938783916,910,Randomized Queue,No AI,472
0.77,0.23,14495.33590857066,1794,Randomized Queue,AI,472
0.8,0.2,13671.120221079596,1300,FCFS,No AI,473
0.63,0.37,11858.822252723801,2886,FCFS,AI,473
0.76,0.24,12494.74425046732,1560,Randomized Queue,No AI,473
0.79,0.21,15072.998975778335,1638,Randomized Queue,AI,473
0.75,0.25,12535.92667722731,1625,FCFS,No AI,474
0.65,0.35,11627.457627658676,2730,FCFS,AI,474
0.82,0.18,15019.08846709794,1170,Randomized Queue,No AI,474
0.78,0.22,14161.288476978158,1716,Randomized Queue,AI,474
0.82,0.18,14329.270850822655,1170,FCFS,No AI,475
0.64,0.36,11714.30278392943,2808,FCFS,AI,475
0.81,0.19,14045.66002022443,1235,Randomized Queue,No AI,475
0.8,0.2,14687.093515235107,1560,Randomized Queue,AI,475
0.79,0.21,13631.222099229604,1365,FCFS,No AI,476
0.63,0.37,11722.247142172291,2886,FCFS,AI,476
0.77,0.23,13376.695822505157,1495,Randomized Queue,No AI,476
0.76,0.24,13835.90878648712,1872,Randomized Queue,AI,476
0.73,0.27,13229.621719093304,1755,FCFS,No AI,477
0.62,0.38,11335.6397762115,2964,FCFS,AI,477
0.75,0.25,12720.654168373889,1625,Randomized Queue,No AI,477
0.81,0.19,15393.249780753233,1482,Randomized Queue,AI,477
0.74,0.26,13257.7438825014,1690,FCFS,No AI,478
0.62,0.38,11802.551386580799,2964,FCFS,AI,478
0.88,0.12,15507.534709664535,780,Randomized Queue,No AI,478
0.75,0.25,14080.745676056147,1950,Randomized Queue,AI,478
0.75,0.25,12980.330714760346,1625,FCFS,No AI,479
0.64,0.36,11555.218351393494,2808,FCFS,AI,479
0.77,0.23,13535.223561673356,1495,Randomized Queue,No AI,479
0.78,0.22,14772.602417796888,1716,Randomized Queue,AI,479
0.69,0.31,11712.126988704158,2015,FCFS,No AI,480
0.62,0.38,11863.384838993818,2964,FCFS,AI,480
0.78,0.22,13359.529468394014,1430,Randomized Queue,No AI,480
0.77,0.23,14678.19688926802,1794,Randomized Queue,AI,480
0.73,0.27,12682.66644049945,1755,FCFS,No AI,481
0.61,0.39,11210.086455001168,3042,FCFS,AI,481
0.85,0.15,15208.082383792887,975,Randomized Queue,No AI,481
0.8,0.2,15402.12150533504,1560,Randomized Queue,AI,481
0.78,0.22,13421.132091798403,1430,FCFS,No AI,482
0.66,0.34,12655.526724776564,2652,FCFS,AI,482
0.79,0.21,14076.495412691014,1365,Randomized Queue,No AI,482
0.79,0.21,14409.535708041492,1638,Randomized Queue,AI,482
0.75,0.25,13223.422456129922,1625,FCFS,No AI,483
0.65,0.35,12309.266581448346,2730,FCFS,AI,483
0.82,0.18,14534.98937188427,1170,Randomized Queue,No AI,483
0.75,0.25,13663.628379699097,1950,Randomized Queue,AI,483
0.79,0.21,13037.939232366763,1365,FCFS,No AI,484
0.62,0.38,11222.027831394853,2964,FCFS,AI,484
0.82,0.18,14517.167452546066,1170,Randomized Queue,No AI,484
0.8,0.2,14985.174436987429,1560,Randomized Queue,AI,484
0.77,0.23,12806.7424319197,1495,FCFS,No AI,485
0.68,0.32,12406.413718952657,2496,FCFS,AI,485
0.8,0.2,13329.800229789755,1300,Randomized Queue,No AI,485
0.81,0.19,15084.902329803283,1482,Randomized Queue,AI,485
0.79,0.21,13714.223312725077,1365,FCFS,No AI,486
0.65,0.35,12217.597636969838,2730,FCFS,AI,486
0.81,0.19,13921.755748056043,1235,Randomized Queue,No AI,486
0.82,0.18,15406.780388215988,1404,Randomized Queue,AI,486
0.77,0.23,13037.843680288997,1495,FCFS,No AI,487
0.56,0.44,10433.20765381512,3432,FCFS,AI,487
0.86,0.14,15392.488324785136,910,Randomized Queue,No AI,487
0.79,0.21,15173.975012234238,1638,Randomized Queue,AI,487
0.78,0.22,13742.33029802317,1430,FCFS,No AI,488
0.59,0.41,11296.30168074927,3198,FCFS,AI,488
0.78,0.22,13640.25751361644,1430,Randomized Queue,No AI,488
0.81,0.19,14790.980437213202,1482,Randomized Queue,AI,488
0.79,0.21,13798.175552853176,1365,FCFS,No AI,489
0.66,0.34,12175.957820824695,2652,FCFS,AI,489
0.75,0.25,13492.594483657087,1625,Randomized Queue,No AI,489
0.78,0.22,15036.85398037988,1716,Randomized Queue,AI,489
0.71,0.29,12255.191853370803,1885,FCFS,No AI,490
0.58,0.42,10786.943973318368,3276,FCFS,AI,490
0.78,0.22,13865.696039286842,1430,Randomized Queue,No AI,490
0.85,0.15,15678.932115343021,1170,Randomized Queue,AI,490
0.73,0.27,13037.903447627685,1755,FCFS,No AI,491
0.67,0.33,12808.014866957434,2574,FCFS,AI,491
0.76,0.24,13033.032656418854,1560,Randomized Queue,No AI,491
0.85,0.15,15826.720519500766,1170,Randomized Queue,AI,491
0.71,0.29,11761.137381208095,1885,FCFS,No AI,492
0.63,0.37,11459.97694281291,2886,FCFS,AI,492
0.8,0.2,13454.478575793239,1300,Randomized Queue,No AI,492
0.82,0.18,15157.669405354412,1404,Randomized Queue,AI,492
0.79,0.21,14036.6632333073,1365,FCFS,No AI,493
0.63,0.37,11707.292077713615,2886,FCFS,AI,493
0.77,0.23,13964.325274540772,1495,Randomized Queue,No AI,493
0.8,0.2,14757.862204787267,1560,Randomized Queue,AI,493
0.75,0.25,12887.874374947616,1625,FCFS,No AI,494
0.62,0.38,11907.138748829482,2964,FCFS,AI,494
0.77,0.23,13686.151231167758,1495,Randomized Queue,No AI,494
0.82,0.18,15672.423003472904,1404,Randomized Queue,AI,494
0.76,0.24,13396.45156511432,1560,FCFS,No AI,495
0.62,0.38,11231.928065351522,2964,FCFS,AI,495
0.8,0.2,14403.84969385284,1300,Randomized Queue,No AI,495
0.82,0.18,15394.285002221397,1404,Randomized Queue,AI,495
0.76,0.24,13422.035264429167,1560,FCFS,No AI,496
0.64,0.36,12043.509913026606,2808,FCFS,AI,496
0.75,0.25,12770.904756101212,1625,Randomized Queue,No AI,496
0.77,0.23,14643.25370513523,1794,Randomized Queue,AI,496
0.71,0.29,12228.724252428217,1885,FCFS,No AI,497
0.67,0.33,12034.685443847686,2574,FCFS,AI,497
0.78,0.22,13249.712005862406,1430,Randomized Queue,No AI,497
0.81,0.19,15259.543509189203,1482,Randomized Queue,AI,497
0.81,0.19,13635.207208622125,1235,FCFS,No AI,498
0.63,0.37,11577.19303364821,2886,FCFS,AI,498
0.8,0.2,14064.549763357329,1300,Randomized Queue,No AI,498
0.81,0.19,15128.52627269109,1482,Randomized Queue,AI,498
0.77,0.23,13446.916309874354,1495,FCFS,No AI,499
0.59,0.41,10911.398380505505,3198,FCFS,AI,499
0.84,0.16,14638.79808920052,1040,Randomized Queue,No AI,499
0.8,0.2,14857.188252586879,1560,Randomized Queue,AI,499
